marco,nodo,titulo,descripcion,severidad,accion,responsable,estado
ABET-EAC,C5b,Temas de ingeniería muy por debajo del mínimo,"Suman 9 créditos frente a 45 (Hidráulica, Topografía, Maquinaria y Poscosecha); Suelos y Agroclimatología se reclasificaron como ciencia agronómica con su PAD. La mayor parte de la ingeniería aplicada es ciencia agronómica y las profundizaciones y electivas con PAD tampoco son ingeniería.",alta,"Incluir ciencias de la ingeniería (fluidos, termodinámica, estructuras, maquinaria) en la resignificación del CMA",,abierta
ABET-EAC,C5a,Matemáticas insuficientes,Solo 7 créditos de matemáticas (Matemática aplicada y Modelos estadísticos) y 2 de física.,alta,"Agregar cálculo diferencial, integral y ecuaciones diferenciales; ampliar física",,abierta
ABET-EAC,C5d,No hay experiencia de diseño obligatoria para todos,"La opción de grado admite monografía, pasantía, créditos de especialización u obra artística.",alta,Convertir Profundización III en proyecto de diseño integrador obligatorio,,abierta
ABET-EAC,C6,Baja estabilidad del cuerpo docente,1 gestor de planta de 53; la mayoría con contratos ocasionales de 4 u 11 meses.,alta,Plan de vinculación de planta ligado al programa,,abierta
ABET-EAC,C6,Pocas competencias docentes en ingeniería,El área de ciencias de la ingeniería tiene un magíster en TIG y un especialista en SIG.,alta,"Vincular ingenieros agrícolas, civiles o mecánicos con posgrado",,abierta
ABET-EAC,C2,No existen objetivos educacionales (PEOs),"Hay misión, visión y perfiles, pero no objetivos a 3-5 años del egreso.",media,Redactar PEOs y validarlos con egresados y empleadores,,abierta
ABET-EAC,SO2,Diseño de ingeniería sin resultado de aprendizaje propio,Ningún REA cubre el proceso de diseño de ingeniería.,alta,Reformular REA alineados a los 7 Student Outcomes,,abierta
ABET-EAC,SO6,Experimentación sin resultado de aprendizaje propio,"Solo evidencia indirecta (semilleros, competencia PC1 de Saber Pro).",media,Definir indicador de desempeño en cursos con laboratorio,,abierta
ABET-EAC,SO7,Aprendizaje autónomo sin resultado de aprendizaje propio,"Existe la característica CNA de trabajo autónomo, pero no un REA medible.",media,Definir indicador de desempeño,,abierta
ABET-EAC,C4,"Medición de REA agregada, no directa por indicador",El porcentaje de alcance de REA no equivale a evaluación directa con rúbricas y metas.,media,"Rúbricas por indicador de desempeño, metas y actas de cierre del ciclo",,abierta
ABET-EAC,C7,Disparidad de infraestructura entre sedes,26 laboratorios en Fusagasugá frente a 9 en Facatativá; 70.400 m² frente a 12.400 m².,media,Demostrar logro equivalente de resultados en ambas sedes,,abierta
ABET-EAC,C1,Cifras inconsistentes de graduación acumulada,"Factor 6 reporta 44,3% en S14 y Factor 4 reporta 34,3% para la misma medida.",media,Unificar fuente y cohorte de referencia,,abierta
ABET-EAC,C1,Falta procedimiento documentado de verificación de requisitos de grado,"Existe el reglamento, pero no la auditoría estudiante por estudiante que pide ABET.",baja,Documentar el procedimiento de Admisiones y Registro,,abierta
ABET-EAC,PC,Criterios específicos del programa sin confirmar,"Por el nombre, podrían aplicar los criterios de ingeniería agrícola.",alta,Consulta formal con ABET antes de la Readiness Review,,abierta
ATMAE-2027,A3,Elegibilidad del programa ante ATMAE,"ATMAE acredita programas de tecnología, gestión e ingeniería aplicada (ejemplos: tecnología ambiental, gestión industrial, construcción, seguridad). Ingeniería Agronómica no figura entre los ejemplos; la elegibilidad la decide el director de acreditación de ATMAE al recibir la solicitud (1 de octubre). ATMAE admite instituciones de fuera de EE. UU. que cumplan los mismos estándares.",alta,"Consultar a ATMAE la elegibilidad antes de preparar el autoestudio, presentando el componente de tecnología aplicada (hidráulica, maquinaria, topografía, agricultura de precisión, recursos de realidad aumentada) y de gestión (agronegocios, proyectos)",,abierta
ATMAE-2027,A3.1,Áreas curriculares por encima del máximo,"Con 1 crédito colombiano ≈ 1 hora semestral: educación general 25 (18-36), matemáticas 7 (6-18), ciencias 24 (6-18; 7 físicas y 17 de la vida), gestión/técnica/especialización 90 (42-60; gestión 14 ≤ 24), electivas 4 y total 150 (≥ 120). Se cumplen todos los mínimos; ciencias y gestión/técnica exceden el máximo, lo que ATMAE permite con justificación. Falta confirmar un curso de comunicación oral.",media,Redactar la justificación de los excesos (formación agronómica aplicada) y documentar qué curso cubre la comunicación oral y cuál la escrita; validar la equivalencia crédito colombiano/hora semestral,,abierta
ATMAE-2027,A5.2,Profesores de tiempo completo con doctorado,"ATMAE exige, para pregrado, que al menos el 50 % de los profesores de tiempo completo del programa tengan doctorado y que haya suficientes profesores de tiempo completo. En 2025-2 hay 16 gestores del conocimiento con doctorado y la autoevaluación reporta 1 profesor de planta entre 53.",alta,Levantar la planta real de tiempo completo del programa con su máximo título y proyectar la vinculación necesaria para llegar al 50 % de doctores,,abierta
ATMAE-2027,A6.3,Protocolos de seguridad en el punto de uso,"ATMAE pide protocolos de seguridad y salud alineados con OSHA, documentados, accesibles en el lugar de uso y cumplidos. Solo hay menciones de bioseguridad en algunos PAD; no hay evidencia de protocolos del programa por laboratorio o granja (SG-SST).",media,"Reunir los protocolos del SG-SST por laboratorio, vivero y unidad agroambiental, con su señalización en sitio y registros de cumplimiento",,abierta
ATMAE-2027,A10,No existe comité asesor de la industria,"ATMAE exige un comité asesor de la industria activo, con reglamento, responsabilidades (definir y validar los resultados de aprendizaje), lista de miembros y actas de al menos una reunión al año. La relación con el sector externo del CNA (convenios, proyección social) no lo sustituye.",alta,"Crear el comité asesor (productores, gremios, empresas agroindustriales, egresados) con reglamento y calendario, y registrar agendas y actas",,abierta
ATMAE-2027,A2,Resultados de aprendizaje sin validación externa ni mapa completo,"Los 5 REA de 2019 funcionan como resultados de aprendizaje del programa (PLO) y los PAD traen REA específicos por curso, pero no hay validación de los REA por un comité asesor ni un mapa formal de los resultados de cada curso a los del programa.",media,Mapear los REA de cada PAD a los REA del programa y someterlos a validación del comité asesor,,abierta
ATMAE-2027,A8,Encuesta a graduados ligada a los resultados de aprendizaje,"Hay seguimiento a graduados (empleo, impacto), pero ATMAE pide datos de satisfacción de los graduados frente a los resultados de aprendizaje, empleo con cargos y salarios, y ascensos, recogidos cada 2 a 5 años.",media,"Ajustar la encuesta de graduados para medir cada REA, cargos, salarios y ascensos",,abierta
ATMAE-2027,A9,Encuesta a empleadores ligada a los resultados de aprendizaje,"El 80 % de los empleadores valora a los graduados (F01-P015), pero no hay una encuesta que mida la preparación de los graduados frente a cada resultado de aprendizaje, cada 2 a 5 años.",media,Diseñar y aplicar la encuesta de empleadores por REA,,abierta
ATMAE-2027,A11,Ciclo de evaluación por resultado de aprendizaje (tabla B),"El alcance de REA es una medición agregada. ATMAE exige, por cada resultado de aprendizaje, medidas directas e indirectas, resultados, análisis y mejoras (tabla B).",alta,"Construir la tabla B por REA con medidas directas (productos de los PAD con rúbrica) e indirectas (graduados, empleadores, comité asesor)",,abierta
ATMAE-2027,A12,Información pública de desempeño estudiantil,"La página del programa debe tener la sección o el enlace titulado exactamente ""Student Performance and Achievement Information"" con tasas de graduación y retención, entre otros datos.",baja,"Publicar la sección en la página del programa con graduación, retención y empleabilidad (la autoevaluación ya tiene los datos)",,abierta
ATMAE-2027,A6.1,Recursos de realidad aumentada sin optimizar ni integrar a los cursos,"Jardín Vivo RA aporta 29 modelos 3D fuente de plantas medicinales, 25 modelos para realidad aumentada y 140 fotografías 360 más 3 videos de espacios de práctica (laboratorio virtual, que ATMAE acepta en 3.3). Los modelos fuente pesan cerca de 58 MB y tienen alrededor de 1 millón de vértices, sin compresión, y ningún PAD cita todavía estos recursos.",baja,"Optimizar los modelos fuente (reducción de polígonos y Draco), publicar los recorridos 360 e incluir las actividades de laboratorio virtual en los PAD de morfología, propagación y cultivos",,abierta
