marco_origen,origen,marco_destino,destino,tipo,nota
CNA,C01,ABET-EAC,C2,parcial,
CNA,C01,ABET-EAC,C5,apoyo,
CNA,C02,ABET-EAC,C2,parcial,
CNA,C03,ABET-EAC,SO5,apoyo,
CNA,C03,ABET-EAC,C1,apoyo,
CNA,C04,ABET-EAC,C1,equivalente,
CNA,C05,ABET-EAC,SO7,parcial,
CNA,C06,ABET-EAC,C1,equivalente,
CNA,C07,ABET-EAC,C8,apoyo,
CNA,C08,ABET-EAC,C6,parcial,
CNA,C08,ABET-EAC,C8b,apoyo,
CNA,C09,ABET-EAC,C6,apoyo,
CNA,C10,ABET-EAC,C6,equivalente,
CNA,C11,ABET-EAC,C8b,parcial,
CNA,C11,ABET-EAC,C6,apoyo,
CNA,C12,ABET-EAC,C8b,apoyo,
CNA,C13,ABET-EAC,C6,apoyo,
CNA,C14,ABET-EAC,C8b,apoyo,
CNA,C15,ABET-EAC,C6,parcial,
CNA,C16,ABET-EAC,C2,parcial,
CNA,C17,ABET-EAC,C2,parcial,
CNA,C18,ABET-EAC,C5,parcial,
CNA,C19,ABET-EAC,C1,parcial,
CNA,C20,ABET-EAC,SO5,apoyo,
CNA,C21,ABET-EAC,C5,apoyo,
CNA,C22,ABET-EAC,C1,parcial,
CNA,C22,ABET-EAC,C4,apoyo,
CNA,C23,ABET-EAC,C3,parcial,
CNA,C23,ABET-EAC,C4,parcial,
CNA,C24,ABET-EAC,C3,apoyo,
CNA,C25,ABET-EAC,C4,parcial,
CNA,C26,ABET-EAC,SO4,apoyo,
CNA,C27,ABET-EAC,C1,equivalente,
CNA,C28,ABET-EAC,C1,equivalente,
CNA,C29,ABET-EAC,C5,apoyo,
CNA,C29,ABET-EAC,C4,apoyo,
CNA,C30,ABET-EAC,C1,equivalente,
CNA,C31,ABET-EAC,SO4,apoyo,
CNA,C32,ABET-EAC,C6,apoyo,
CNA,C33,ABET-EAC,SO3,apoyo,
CNA,C34,ABET-EAC,SO6,parcial,
CNA,C35,ABET-EAC,C6,apoyo,
CNA,C36,ABET-EAC,C8d,parcial,
CNA,C36,ABET-EAC,C1,apoyo,
CNA,C37,ABET-EAC,C1,apoyo,
CNA,C38,ABET-EAC,C8b,apoyo,
CNA,C39,ABET-EAC,C7,parcial,
CNA,C40,ABET-EAC,C7,parcial,
CNA,C41,ABET-EAC,C8,parcial,
CNA,C42,ABET-EAC,C8a,parcial,
CNA,C43,ABET-EAC,C8,apoyo,
CNA,C44,ABET-EAC,C8,parcial,
CNA,C44,ABET-EAC,C6,apoyo,
CNA,C45,ABET-EAC,C8,equivalente,
CNA,C46,ABET-EAC,C4,parcial,
CNA,C47,ABET-EAC,C7,equivalente,
CNA,C47,ABET-EAC,C8c,parcial,
CNA,C48,ABET-EAC,C7,parcial,
REA-IA,REA1,ABET-EAC,SO3,equivalente,
REA-IA,REA2,ABET-EAC,SO1,parcial,"Cubre herramientas matemáticas, no problemas complejos de ingeniería"
REA-IA,REA2,ABET-EAC,SO2,parcial,Menciona diseño pero sin proceso de diseño de ingeniería
REA-IA,REA3,ABET-EAC,SO4,parcial,
REA-IA,REA4,ABET-EAC,SO1,parcial,"Conocimiento biológico, no resolución de problemas de ingeniería"
REA-IA,REA5,ABET-EAC,SO5,parcial,
REA-IA,REA5,ABET-EAC,SO4,apoyo,
REA-IA-2025,REA1,ABET-EAC,SO2,parcial,"Diseña sistemas productivos agrícolas, pero no explicita un proceso de diseño de ingeniería con restricciones y estándares"
REA-IA-2025,REA1,ABET-EAC,SO1,apoyo,Diagnóstico técnico y planificación; no problemas complejos de ingeniería
REA-IA-2025,REA2,ABET-EAC,SO4,parcial,Criterios éticos y de responsabilidad social en la aplicación de tecnología
REA-IA-2025,REA3,ABET-EAC,SO1,parcial,Alternativas tecnológicas con criterios científicos para optimizar el agroecosistema
REA-IA-2025,REA3,ABET-EAC,SO6,apoyo,Fundamentación científica; no nombra experimentación ni análisis de datos
CNA,C01,ATMAE-2027,A1,parcial,El PEP contiene propósitos; ATMAE pide metas operativas medibles con plan
CNA,C01,ATMAE-2027,A2,apoyo,
CNA,C02,ATMAE-2027,A1,apoyo,
CNA,C04,ATMAE-2027,A4.3,parcial,Acompañamiento y seguimiento académico
CNA,C04,ATMAE-2027,A7.1,apoyo,Consejería
CNA,C06,ATMAE-2027,A4.3,parcial,"Reglamento: promedios, prueba académica, suspensión"
CNA,C06,ATMAE-2027,A4.1,apoyo,
CNA,C08,ATMAE-2027,A5.2,parcial,"Selección, vinculación y permanencia de profesores"
CNA,C09,ATMAE-2027,A5.2,parcial,Estatuto profesoral: políticas de selección y carrera
CNA,C10,ATMAE-2027,A5.2,parcial,"Número, formación y experiencia; ATMAE exige 50 % de doctores en tiempo completo"
CNA,C11,ATMAE-2027,A5.2,apoyo,
CNA,C11,ATMAE-2027,A7.2,apoyo,Formación para diseñar y evaluar la instrucción
CNA,C12,ATMAE-2027,A5.2,apoyo,
CNA,C13,ATMAE-2027,A7.2,parcial,Material docente
CNA,C14,ATMAE-2027,A5.2,apoyo,Remuneración comparable
CNA,C15,ATMAE-2027,A7.1,parcial,Evaluación de profesores como supervisión de la instrucción
CNA,C16,ATMAE-2027,A8.2,parcial,Seguimiento a graduados (empleo)
CNA,C16,ATMAE-2027,A8.1,apoyo,
CNA,C17,ATMAE-2027,A8.3,parcial,Impacto de graduados
CNA,C17,ATMAE-2027,A9,apoyo,
CNA,C18,ATMAE-2027,A3.1,parcial,Integralidad curricular: distribución de créditos
CNA,C18,ATMAE-2027,A3.2,parcial,Secuencia y prerrequisitos
CNA,C19,ATMAE-2027,A3,apoyo,
CNA,C20,ATMAE-2027,A3,apoyo,
CNA,C21,ATMAE-2027,A3.3,parcial,"Estrategias pedagógicas: prácticas, campo y laboratorio"
CNA,C21,ATMAE-2027,A7.1,apoyo,
CNA,C22,ATMAE-2027,A11,apoyo,Evaluación en los cursos como medida directa
CNA,C22,ATMAE-2027,A7.2,apoyo,Retroalimentación al estudiante
CNA,C23,ATMAE-2027,A2,parcial,Los REA equivalen a PLO; falta validación del comité asesor
CNA,C23,ATMAE-2027,A11,parcial,Evaluación de resultados de aprendizaje
CNA,C24,ATMAE-2027,A2,apoyo,
CNA,C25,ATMAE-2027,A11,parcial,Autoevaluación y autorregulación
CNA,C25,ATMAE-2027,A1,apoyo,
CNA,C26,ATMAE-2027,A10,apoyo,Relación con el sector externo; no es un comité asesor formal
CNA,C27,ATMAE-2027,A4.3,parcial,Permanencia y graduación
CNA,C27,ATMAE-2027,A12,apoyo,Tasas de graduación que deberían publicarse
CNA,C28,ATMAE-2027,A4.3,apoyo,Alertas tempranas
CNA,C29,ATMAE-2027,A11,apoyo,Ajustes curriculares como mejora
CNA,C30,ATMAE-2027,A4.1,parcial,Mecanismos de selección
CNA,C32,ATMAE-2027,A5.2,apoyo,Redes y asociaciones profesionales de profesores
CNA,C34,ATMAE-2027,A3.3,apoyo,
CNA,C35,ATMAE-2027,A5.2,apoyo,Actividad académica de profesores
CNA,C38,ATMAE-2027,A7.2,parcial,Apoyo a profesores
CNA,C39,ATMAE-2027,A7.2,parcial,Apoyo a estudiantes y seguimiento de su progreso
CNA,C40,ATMAE-2027,A7.2,parcial,Recursos bibliográficos
CNA,C41,ATMAE-2027,A5.1,parcial,Organización y administración
CNA,C42,ATMAE-2027,A5.1,parcial,Dirección del programa
CNA,C42,ATMAE-2027,A1,apoyo,
CNA,C43,ATMAE-2027,A7.2,apoyo,Infraestructura de comunicación
CNA,C43,ATMAE-2027,A12,apoyo,
CNA,C44,ATMAE-2027,A4.2,parcial,Estudiantes y capacidad institucional
CNA,C45,ATMAE-2027,A7.3,parcial,Financiación del programa
CNA,C46,ATMAE-2027,A11,parcial,Aseguramiento de la calidad y mejora continua
CNA,C46,ATMAE-2027,A1,apoyo,
CNA,C47,ATMAE-2027,A6.1,parcial,Infraestructura física y tecnológica
CNA,C47,ATMAE-2027,A6.2,apoyo,
CNA,C48,ATMAE-2027,A6.1,parcial,Recursos informáticos
CNA,C48,ATMAE-2027,A7.2,apoyo,
REA-IA,REA1,ATMAE-2027,A2,parcial,REA 2019 como PLO candidato
REA-IA,REA2,ATMAE-2027,A2,parcial,REA 2019 como PLO candidato
REA-IA,REA3,ATMAE-2027,A2,parcial,REA 2019 como PLO candidato
REA-IA,REA4,ATMAE-2027,A2,parcial,REA 2019 como PLO candidato
REA-IA,REA5,ATMAE-2027,A2,parcial,REA 2019 como PLO candidato
CNA,C01,ANECA-EURACE,E1,parcial,PEP y perfil de egreso
CNA,C18,ANECA-EURACE,E1,parcial,Plan de estudios
CNA,C19,ANECA-EURACE,E1,apoyo,
CNA,C20,ANECA-EURACE,E1,apoyo,
CNA,C06,ANECA-EURACE,E1,parcial,Normativas de permanencia y reconocimiento
CNA,C30,ANECA-EURACE,E1,parcial,Criterios de admisión
CNA,C29,ANECA-EURACE,E1,apoyo,Actualización del plan
CNA,C43,ANECA-EURACE,E2,parcial,Comunicación e información
CNA,C01,ANECA-EURACE,E2,apoyo,
CNA,C25,ANECA-EURACE,E3,parcial,Autoevaluación
CNA,C46,ANECA-EURACE,E3,parcial,Aseguramiento de la calidad y mejora continua
CNA,C29,ANECA-EURACE,E3,apoyo,
CNA,C15,ANECA-EURACE,E3,apoyo,Evaluación del profesorado dentro del SGIC
CNA,C08,ANECA-EURACE,E4,parcial,
CNA,C09,ANECA-EURACE,E4,parcial,
CNA,C10,ANECA-EURACE,E4,parcial,"Número, formación y experiencia"
CNA,C11,ANECA-EURACE,E4,parcial,Desarrollo profesoral
CNA,C12,ANECA-EURACE,E4,apoyo,
CNA,C13,ANECA-EURACE,E4,apoyo,
CNA,C14,ANECA-EURACE,E4,apoyo,
CNA,C15,ANECA-EURACE,E4,parcial,
CNA,C35,ANECA-EURACE,E4,apoyo,Actividad investigadora
CNA,C47,ANECA-EURACE,E5,parcial,Infraestructura física y tecnológica
CNA,C48,ANECA-EURACE,E5,parcial,
CNA,C40,ANECA-EURACE,E5,parcial,Recursos bibliográficos
CNA,C39,ANECA-EURACE,E5,parcial,Servicios de apoyo a estudiantes
CNA,C38,ANECA-EURACE,E5,apoyo,
CNA,C36,ANECA-EURACE,E5,apoyo,
CNA,C04,ANECA-EURACE,E5,parcial,Orientación académica y profesional
CNA,C26,ANECA-EURACE,E5,apoyo,Prácticas y vínculo con el sector
CNA,C23,ANECA-EURACE,E6,parcial,Resultados de aprendizaje
CNA,C22,ANECA-EURACE,E6,parcial,Sistemas de evaluación
CNA,C24,ANECA-EURACE,E6,apoyo,
CNA,C27,ANECA-EURACE,E7,parcial,Permanencia y graduación
CNA,C28,ANECA-EURACE,E7,apoyo,
CNA,C16,ANECA-EURACE,E7,parcial,Inserción laboral
CNA,C17,ANECA-EURACE,E7,parcial,Satisfacción de empleadores e impacto
CNA,C44,ANECA-EURACE,E7,apoyo,
CNA,C37,ANECA-EURACE,E7,apoyo,
CNA,C34,ANECA-EURACE,E8.4,parcial,Formación para la investigación
CNA,C21,ANECA-EURACE,E8.5,apoyo,Prácticas y laboratorio
CNA,C24,ANECA-EURACE,E8,apoyo,
CNA,C33,ANECA-EURACE,E8.7,apoyo,Contexto internacional
CNA,C41,ANECA-EURACE,E9,parcial,
CNA,C42,ANECA-EURACE,E9,parcial,
CNA,C45,ANECA-EURACE,E9,parcial,Financiación
CNA,C44,ANECA-EURACE,E9,apoyo,
REA-IA,REA1,ANECA-EURACE,E8.7,parcial,Comunicación
REA-IA,REA2,ANECA-EURACE,E8.1,parcial,Herramientas matemáticas
REA-IA,REA2,ANECA-EURACE,E8.2,parcial,Análisis y evaluación de sistemas productivos
REA-IA,REA3,ANECA-EURACE,E8.6,parcial,Ética profesional
REA-IA,REA4,ANECA-EURACE,E8.1,apoyo,Bases biológicas
REA-IA,REA5,ANECA-EURACE,E8.6,apoyo,
REA-IA,REA5,ANECA-EURACE,E8.7,apoyo,Liderazgo
