curso,outcome,nivel,estado,origen,puntaje,justificacion,validado_por
Introducción a las ciencias agrarias,SO1,I,propuesta,pad,5,CAD602020101 soluciona un problema: Bajos niveles de tecnificación en los diferentes procesos ag,
Introducción a las ciencias agrarias,SO3,I,propuesta,pad,9,CAD602020101 REA 2: «comunicacion»,
Introducción a las ciencias agrarias,SO5,I,propuesta,pad,4,4 indicios en actividades o competencias,
Introducción a las ciencias agrarias,SO6,I,propuesta,pad,5,5 indicios en actividades o competencias,
Agroclimatología,SO1,I,propuesta,pad,6,CAD602020106 soluciona un problema: Deficiencias en el desarrollo de competencias científicas en,
Agroclimatología,SO2,I,propuesta,pad,5,5 indicios en actividades o competencias,
Agroclimatología,SO3,I,propuesta,pad,6,6 indicios en actividades o competencias,
Agroclimatología,SO5,I,propuesta,pad,4,4 indicios en actividades o competencias,
Agroclimatología,SO6,I,propuesta,pad,10,CAD602020106 REA 2: «medicion»; CAD602020106 experiencia: «analisis de datos»; CAD602020106 experiencia: «medicion»,
Agroclimatología,SO7,I,propuesta,pad,10,CAD602020106 REA 1: «indag»; CAD602020106 experiencia: «indag»,
Geología y pedología,SO3,I,propuesta,pad,11,CAD602020103 experiencia: «comunicacion»,
Geología y pedología,SO5,I,propuesta,pad,13,CAD602020103 experiencia: «colaborativ»,
Geología y pedología,SO6,I,propuesta,pad,6,CAD602020103 REA 3: «laboratorio»,
Geología y pedología,SO7,I,propuesta,pad,4,CAD602020103 experiencia: «consulta»,
Química,SO1,I,propuesta,pad,13,CAD602020104 REA 3: «soluciones»; CAD602020104 soluciona un problema: Problemas en la planificación del territorio; CAD602020104 soluciona un problema: Problemas en la gestión de recursos públicos,
Química,SO3,I,propuesta,pad,12,CAD602020104 experiencia: «poster»,
Química,SO5,I,propuesta,pad,10,CAD602020104 experiencia: «equipo»,
Química,SO6,I,propuesta,pad,9,CAD602020104 experiencia: «hipotesis»,
Ecología y recursos naturales,SO1,I,propuesta,pad,17,CAD602020107 REA 1: «modelos»; CAD602020107 REA 3: «solucion»; CAD602020107 experiencia: «modelos»; CAD602020107 experiencia: «resolv»; CAD602020107 soluciona un problema: Avance desigual en la implementación de los Objetivos de Des,
Ecología y recursos naturales,SO3,I,propuesta,pad,10,CAD602020107 experiencia: «socializ»; CAD602020107 experiencia: «poster»,
Ecología y recursos naturales,SO5,I,propuesta,pad,11,CAD602020107 experiencia: «equipo»; CAD602020107 experiencia: «colaborativ»,
Ecología y recursos naturales,SO6,I,propuesta,pad,5,CAD602020107 experiencia: «experiment»,
Ecología y recursos naturales,SO7,I,propuesta,pad,6,6 indicios en actividades o competencias,
Topografía,SO1,I,propuesta,pad,19,CAD602020102 REA 2: «modelos»; CAD602020102 REA 3: «modelar»; CAD602020102 experiencia: «solucion»; CAD602020102 soluciona un problema: Baja articulación entre los procesos formativos del territor,
Topografía,SO3,I,propuesta,pad,4,4 indicios en actividades o competencias,
Topografía,SO5,I,propuesta,pad,8,CAD602020102 REA 2: «equipo»; CAD602020102 experiencia: «equipo»,
Física,SO1,I,propuesta,pad,17,CAD602020105 REA 3: «optimiz»; CAD602020105 experiencia: «modelar»; CAD602020105 soluciona un problema: Dificultades en procesos de enseñanza y aprendizajes situado,
Física,SO2,I,propuesta,pad,4,4 indicios en actividades o competencias,
Física,SO3,I,propuesta,pad,12,CAD602020105 experiencia: «comunicacion»,
Física,SO5,I,propuesta,pad,7,7 indicios en actividades o competencias,
Física,SO6,I,propuesta,pad,19,CAD602020105 REA 1: «medicion»; CAD602020105 REA 3: «experiment»; CAD602020105 experiencia: «experiment»,
"Hidráulica, riegos y drenajes",SO1,I,propuesta,pad,10,"CAD602020207 REA 2: «calcul»; CAD602020207 experiencia: «modelacion»; CAD602020207 soluciona un problema: Déficit y baja disponibilidad del recurso hídrico, ordenamie",
"Hidráulica, riegos y drenajes",SO2,I,propuesta,pad,7,CAD602020207 REA 2: «disenar»,
"Hidráulica, riegos y drenajes",SO3,I,propuesta,pad,8,8 indicios en actividades o competencias,
"Hidráulica, riegos y drenajes",SO4,I,propuesta,pad,5,CAD602020207 experiencia: «eticas»,
"Hidráulica, riegos y drenajes",SO5,I,propuesta,pad,8,8 indicios en actividades o competencias,
"Hidráulica, riegos y drenajes",SO6,I,propuesta,pad,12,CAD602020207 REA 1: «medicion»; CAD602020207 REA 3: «medicion»; CAD602020207 experiencia: «analisis de datos»,
Matemática aplicada,SO1,I,propuesta,pad,24,CFC1002020201 REA 1: «resolv»; CFC1002020201 REA 2: «modelar»; CFC1002020201 REA 3: «calcul»; CFC1002020201 experiencia: «optimiz»; CFC1002020201 experiencia: «modelos»; CFC1002020201 soluciona un problema: Falta de articulación entre la enseñanza de ciencias básicas,
Matemática aplicada,SO3,I,propuesta,pad,5,5 indicios en actividades o competencias,
Matemática aplicada,SO4,I,propuesta,pad,8,CFC1002020201 experiencia: «bienestar animal»,
Matemática aplicada,SO5,I,propuesta,pad,6,6 indicios en actividades o competencias,
Matemática aplicada,SO6,I,propuesta,pad,11,CFC1002020201 REA 1: «medicion»,
Suelos,SO1,I,propuesta,pad,8,CAD602020208 soluciona un problema: Ineficiencia en el uso del agua y el suelo en cadenas de pro,
Suelos,SO3,I,propuesta,pad,6,6 indicios en actividades o competencias,
Suelos,SO5,I,propuesta,pad,4,4 indicios en actividades o competencias,
Suelos,SO6,I,propuesta,pad,13,CAD602020208 REA 1: «laboratorio»; CAD602020208 experiencia: «laboratorio»,
Suelos,SO7,I,propuesta,pad,7,7 indicios en actividades o competencias,
Bioquímica,SO1,I,propuesta,pad,13,CAD602020209 REA 2: «modelos»; CAD602020209 soluciona un problema: Falta de innovación en la cadena de valor para responder a l; CAD602020209 experiencia: «soluciones»,
Bioquímica,SO2,I,propuesta,pad,10,CAD602020209 REA 2: «diseno»; CAD602020209 experiencia: «diseno»,
Bioquímica,SO3,I,propuesta,pad,15,15 indicios en actividades o competencias,
Bioquímica,SO4,I,propuesta,pad,4,4 indicios en actividades o competencias,
Bioquímica,SO5,I,propuesta,pad,16,CAD602020209 REA 2: «colaborativ»,
Bioquímica,SO6,I,propuesta,pad,12,CAD602020209 REA 3: «experiment»; CAD602020209 experiencia: «laboratorio»,
Razonamiento lógico y cuantitativo,SO1,I,propuesta,nombre,0,Curso institucional sin PAD: propuesta por el nombre del curso,
Comunicación y lectura crítica I,SO3,I,propuesta,nombre,0,Curso institucional sin PAD: propuesta por el nombre del curso,
Sociología y desarrollo rural,SO2,I,propuesta,pad,4,4 indicios en actividades o competencias,
Sociología y desarrollo rural,SO3,I,propuesta,pad,11,CAD602020311 experiencia: «comunicacion»,
Sociología y desarrollo rural,SO4,I,propuesta,pad,6,6 indicios en actividades o competencias,
Sociología y desarrollo rural,SO5,I,propuesta,pad,7,CAD602020311 experiencia: «colaborativ»,
Sociología y desarrollo rural,SO6,I,propuesta,pad,4,4 indicios en actividades o competencias,
Modelos estadísticos aplicados,SO1,I,propuesta,pad,12,CFC1002020302 experiencia: «modelacion»; CFC1002020302 soluciona un problema: Altos costos de producción,
Modelos estadísticos aplicados,SO2,I,propuesta,pad,4,4 indicios en actividades o competencias,
Modelos estadísticos aplicados,SO3,I,propuesta,pad,8,8 indicios en actividades o competencias,
Modelos estadísticos aplicados,SO4,I,propuesta,pad,6,6 indicios en actividades o competencias,
Modelos estadísticos aplicados,SO5,I,propuesta,pad,9,CFC1002020302 experiencia: «equipo»,
Modelos estadísticos aplicados,SO6,I,propuesta,pad,12,CFC1002020302 REA 3: «experiment»; CFC1002020302 experiencia: «estadistic»,
Modelos estadísticos aplicados,SO7,I,propuesta,pad,7,7 indicios en actividades o competencias,
Manejo de la fertilidad agrícola,SO1,I,propuesta,pad,20,CAD602020310 REA 2: «calcul»; CAD602020310 REA 3: «solucion»; CAD602020310 experiencia: «solucion»; CAD602020310 soluciona un problema: Falta de integración regional para un adecuado aprovechamien,
Manejo de la fertilidad agrícola,SO2,I,propuesta,pad,5,CAD602020310 REA 3: «disenar»,
Manejo de la fertilidad agrícola,SO3,I,propuesta,pad,6,6 indicios en actividades o competencias,
Manejo de la fertilidad agrícola,SO5,I,propuesta,pad,5,5 indicios en actividades o competencias,
Morfología y taxonomía vegetal,SO1,I,propuesta,pad,5,CAD602020312 soluciona un problema: Desaprovechamiento de algunos espacios naturales para activi,
Morfología y taxonomía vegetal,SO3,I,propuesta,pad,11,11 indicios en actividades o competencias,
Morfología y taxonomía vegetal,SO5,I,propuesta,pad,5,CAD602020312 experiencia: «colaborativ»,
Morfología y taxonomía vegetal,SO6,I,propuesta,pad,17,CAD602020312 REA 1: «laboratorio»; CAD602020312 REA 2: «laboratorio»; CAD602020312 REA 3: «laboratorio»,
Lengua extranjera I,SO3,I,propuesta,nombre,0,Curso institucional sin PAD: propuesta por el nombre del curso,
Comunicación y lectura crítica II,SO3,I,propuesta,nombre,0,Curso institucional sin PAD: propuesta por el nombre del curso,
Economía y administración agrícola,SO1,R,propuesta,pad,7,CAD602020417 soluciona un problema: Limitada cultura financiera para la toma de decisiones en co,
Economía y administración agrícola,SO3,R,propuesta,pad,7,7 indicios en actividades o competencias,
Economía y administración agrícola,SO5,R,propuesta,pad,13,CAD602020417 REA 1: «colaborativ»; CAD602020417 experiencia: «equipo»,
Biología celular y molecular,SO1,R,propuesta,pad,16,CAD602020413 REA 2: «modelos»; CAD602020413 REA 3: «soluciones»; CAD602020413 soluciona un problema: Deficiencias en el desarrollo de competencias científicas en; CAD602020413 experiencia: «soluciones»; CAD602020413 experiencia: «modelos»,
Biología celular y molecular,SO3,R,propuesta,pad,14,CAD602020413 experiencia: «informe»,
Biología celular y molecular,SO5,R,propuesta,pad,13,CAD602020413 experiencia: «en grupo»; CAD602020413 experiencia: «colaborativ»,
Biología celular y molecular,SO6,R,propuesta,pad,14,CAD602020413 REA 1: «laboratorio»; CAD602020413 REA 2: «analisis de datos»; CAD602020413 experiencia: «analisis de datos»,
Manejo de arvenses,SO1,R,propuesta,pad,8,CAD602020414 experiencia: «soluciones»; CAD602020414 soluciona un problema: Impactos ambientales generados por las organizaciones y otra,
Manejo de arvenses,SO2,R,propuesta,pad,4,4 indicios en actividades o competencias,
Manejo de arvenses,SO3,R,propuesta,pad,12,12 indicios en actividades o competencias,
Manejo de arvenses,SO5,R,propuesta,pad,10,10 indicios en actividades o competencias,
Manejo de arvenses,SO6,R,propuesta,pad,9,CAD602020414 REA 2: «muestre»,
Fisiología vegetal,SO1,R,propuesta,pad,7,CAD602020415 soluciona un problema: Baja resiliencia de los sistemas agrícolas frente al cambio ; CAD602020415 experiencia: «soluciones»,
Fisiología vegetal,SO2,R,propuesta,pad,7,CAD602020415 experiencia: «disena»,
Fisiología vegetal,SO3,R,propuesta,pad,16,CAD602020415 REA 1: «informe»; CAD602020415 REA 2: «informe»; CAD602020415 experiencia: «informe»,
Fisiología vegetal,SO4,R,propuesta,pad,5,CAD602020415 experiencia: «etico»; CAD602020415 experiencia: «etica»,
Fisiología vegetal,SO5,R,propuesta,pad,8,8 indicios en actividades o competencias,
Fisiología vegetal,SO6,R,propuesta,pad,19,CAD602020415 REA 1: «analisis de datos»; CAD602020415 REA 2: «experiment»; CAD602020415 experiencia: «experiment»,
Propagación vegetal,SO1,R,propuesta,pad,10,CAD602020416 REA 3: «modelos»; CAD602020416 soluciona un problema: Falta de articulación entre la enseñanza de ciencias básicas; CAD602020416 experiencia: «soluciones»,
Propagación vegetal,SO2,R,propuesta,pad,7,CAD602020416 experiencia: «diseno»,
Propagación vegetal,SO3,R,propuesta,pad,10,10 indicios en actividades o competencias,
Propagación vegetal,SO4,R,propuesta,pad,4,CAD602020416 experiencia: «etica»,
Propagación vegetal,SO5,R,propuesta,pad,6,CAD602020416 experiencia: «colaborativ»,
Propagación vegetal,SO6,R,propuesta,pad,15,CAD602020416 REA 1: «laboratorio»; CAD602020416 REA 2: «experiment»; CAD602020416 experiencia: «experiment»,
Lengua extranjera II,SO3,R,propuesta,nombre,0,Curso institucional sin PAD: propuesta por el nombre del curso,
Ciudadanía siglo 21,SO4,R,propuesta,nombre,0,Curso institucional sin PAD: propuesta por el nombre del curso,
Genética,SO1,R,propuesta,pad,13,CAD602020519 REA 3: «soluciones»; CAD602020519 experiencia: «soluciones»; CAD602020519 soluciona un problema: Pérdida de ecosistemas por expansión urbana y prácticas agrí,
Genética,SO2,R,propuesta,pad,11,CAD602020519 REA 3: «disenar»; CAD602020519 experiencia: «disenar»; CAD602020519 experiencia: «diseno»,
Genética,SO3,R,propuesta,pad,7,7 indicios en actividades o competencias,
Genética,SO4,R,propuesta,pad,9,CAD602020519 experiencia: «eticos»; CAD602020519 experiencia: «etica»,
Genética,SO5,R,propuesta,pad,4,4 indicios en actividades o competencias,
Microbiología agrícola,SO1,R,propuesta,pad,12,CAD602020521-EN REA 3: «resolv»; CAD602020521-EN soluciona un problema: Bajos niveles de tecnificación en los diferentes procesos ag; CAD602020521 REA 3: «resolv»; CAD602020521 soluciona un problema: Bajos niveles de tecnificación en los diferentes procesos ag,
Microbiología agrícola,SO3,R,propuesta,pad,9,9 indicios en actividades o competencias,
Microbiología agrícola,SO6,R,propuesta,pad,14,CAD602020521-EN experiencia: «experiment»; CAD602020521 experiencia: «experiment»,
Fisiología de cultivos y semillas,SO1,R,propuesta,pad,12,CAD602020520 REA 3: «soluciones»; CAD602020520 experiencia: «solucion»; CAD602020520 soluciona un problema: Impactos ambientales generados por las organizaciones y otra,
Fisiología de cultivos y semillas,SO2,R,propuesta,pad,8,CAD602020520 REA 2: «diseno»; CAD602020520 REA 3: «disenar»,
Fisiología de cultivos y semillas,SO3,R,propuesta,pad,11,CAD602020520 experiencia: «exposicion»,
Fisiología de cultivos y semillas,SO5,R,propuesta,pad,8,CAD602020520 REA 3: «equipo»,
Fisiología de cultivos y semillas,SO6,R,propuesta,pad,18,CAD602020520 REA 1: «experiment»; CAD602020520 REA 2: «experiment»; CAD602020520 REA 3: «experiment»; CAD602020520 experiencia: «laboratorio»,
Entomología agrícola,SO1,R,propuesta,pad,9,CAD602020518 REA 2: «calcul»; CAD602020518 soluciona un problema: Falta de articulación entre la enseñanza de ciencias básicas,
Entomología agrícola,SO3,R,propuesta,pad,10,10 indicios en actividades o competencias,
Entomología agrícola,SO5,R,propuesta,pad,5,CAD602020518 experiencia: «colaborativ»,
Entomología agrícola,SO6,R,propuesta,pad,14,CAD602020518 REA 2: «muestre»; CAD602020518 experiencia: «laboratorio»; CAD602020518 experiencia: «muestre»,
Maquinaria y mecanización agrícola,SO1,R,propuesta,pad,5,5 indicios en actividades o competencias,
Maquinaria y mecanización agrícola,SO5,R,propuesta,pad,7,CAD602020522 experiencia: «equipo»,
Lengua extranjera III,SO3,R,propuesta,nombre,0,Curso institucional sin PAD: propuesta por el nombre del curso,
Mercadeo agrícola,SO1,R,propuesta,pad,10,CAD602020625 experiencia: «soluciones»; CAD602020625 soluciona un problema: Alta informalidad en la comercialización del producto,
Mercadeo agrícola,SO2,R,propuesta,pad,8,CAD602020625 experiencia: «diseno»,
Mercadeo agrícola,SO3,R,propuesta,pad,8,8 indicios en actividades o competencias,
Mercadeo agrícola,SO5,R,propuesta,pad,8,8 indicios en actividades o competencias,
Mercadeo agrícola,SO6,R,propuesta,pad,4,4 indicios en actividades o competencias,
Fitomejoramiento,SO1,R,propuesta,pad,11,CAD602020624 soluciona un problema: Impactos ambientales generados por las organizaciones y otra,
Fitomejoramiento,SO3,R,propuesta,pad,7,7 indicios en actividades o competencias,
Fitomejoramiento,SO5,R,propuesta,pad,7,7 indicios en actividades o competencias,
Fitomejoramiento,SO6,R,propuesta,pad,10,10 indicios en actividades o competencias,
Fitomejoramiento,SO7,R,propuesta,pad,8,CAD602020624 REA 2: «indag»,
Fitopatología,SO3,R,propuesta,pad,12,12 indicios en actividades o competencias,
Fitopatología,SO5,R,propuesta,pad,7,7 indicios en actividades o competencias,
Fitopatología,SO6,R,propuesta,pad,20,CAD602020626 REA 3: «analisis de datos»,
Agroecología,SO1,R,propuesta,pad,9,CAD602020623 soluciona un problema: Deforestación y deterioro de ecosistemas; CAD602020623 experiencia: «modelos»,
Agroecología,SO2,R,propuesta,pad,6,CAD602020623 experiencia: «diseno»,
Agroecología,SO3,R,propuesta,pad,10,CAD602020623 experiencia: «exposicion»,
Agroecología,SO5,R,propuesta,pad,10,CAD602020623 experiencia: «grupal»,
Agroecología,SO6,R,propuesta,pad,5,CAD602020623 REA 2: «experiment»,
Lengua extranjera IV,SO3,R,propuesta,nombre,0,Curso institucional sin PAD: propuesta por el nombre del curso,
"Ciencia, tecnología e innovación I",SO6,R,propuesta,nombre,0,Curso institucional sin PAD: propuesta por el nombre del curso,
"Ciencia, tecnología e innovación I",SO7,R,propuesta,nombre,0,Curso institucional sin PAD: propuesta por el nombre del curso,
Emprendimiento e innovación I,SO5,R,propuesta,nombre,0,Curso institucional sin PAD: propuesta por el nombre del curso,
Formulación y evaluación de proyectos,SO1,E,propuesta,pad,16,CAD602020730 REA 1: «soluciones»; CAD602020730 soluciona un problema: Dificultades para la comercialización directa de productos a; CAD602020730 soluciona un problema: Ineficiencia en procesos productivos y logísticos en mipymes; CAD602020730 experiencia: «modelos»,
Formulación y evaluación de proyectos,SO2,E,propuesta,pad,7,CAD602020730 REA 1: «disenar»,
Formulación y evaluación de proyectos,SO3,R,propuesta,pad,8,8 indicios en actividades o competencias,
Formulación y evaluación de proyectos,SO4,E,propuesta,pad,15,CAD602020730 REA 1: «etico»; CAD602020730 REA 3: «responsabilidad social»; CAD602020730 experiencia: «responsabilidad social»,
Formulación y evaluación de proyectos,SO5,R,propuesta,pad,8,8 indicios en actividades o competencias,
Formulación y evaluación de proyectos,SO7,R,propuesta,pad,10,10 indicios en actividades o competencias,
Profundización I,SO1,E,propuesta,pad,11,CAD602020729 REA 1: «modelos»; CAD602020729 experiencia: «modelo»,
Profundización I,SO2,R,propuesta,pad,4,CAD602020729 experiencia: «disenar»,
Profundización I,SO3,R,propuesta,pad,5,5 indicios en actividades o competencias,
Profundización I,SO7,R,propuesta,pad,6,6 indicios en actividades o competencias,
MIPE,SO1,R,propuesta,pad,9,CAD602020727 experiencia: «optimiz»; CAD602020727 soluciona un problema: Bajos niveles de tecnificación en los diferentes procesos ag,
MIPE,SO2,E,propuesta,pad,8,CAD602020727 REA 3: «disenar»,
MIPE,SO3,R,propuesta,pad,16,16 indicios en actividades o competencias,
MIPE,SO4,R,propuesta,pad,4,CAD602020727 experiencia: «etica»,
MIPE,SO5,R,propuesta,pad,9,CAD602020727 experiencia: «colaborativ»,
MIPE,SO6,E,propuesta,pad,14,CAD602020727 REA 3: «experiment»; CAD602020727 experiencia: «analisis de datos»,
MIPE,SO7,R,propuesta,pad,4,4 indicios en actividades o competencias,
Electiva I,SO1,E,propuesta,pad,18,CAD602020728FA-A REA 3: «solucionar»; CAD602020728FA-A soluciona un problema: Falta de programas de capacitación en las nuevas tecnologías; CAD602020728FA-A experiencia: «soluciones»; CAD602020728FA-A experiencia: «optimiz»; CAD602020728FA-B soluciona un problema: Problemas en la planificación del territorio,
Electiva I,SO2,E,propuesta,pad,15,CAD602020728FA-A REA 1: «diseno»; CAD602020728FA-A REA 3: «disenar»; CAD602020728FA-A experiencia: «diseno»,
Electiva I,SO3,R,propuesta,pad,17,CAD602020728FA-B experiencia: «infografia»,
Electiva I,SO4,R,propuesta,pad,4,4 indicios en actividades o competencias,
Electiva I,SO5,R,propuesta,pad,16,CAD602020728FA-A experiencia: «colaborativ»; CAD602020728FA-B experiencia: «en grupo»,
Electiva I,SO6,E,propuesta,pad,15,CAD602020728FA-A REA 1: «laboratorio»; CAD602020728FA-A experiencia: «laboratorio»; CAD602020728FA-B experiencia: «hipotesis»,
Cátedra Generación Siglo 21,SO4,R,propuesta,nombre,0,Curso institucional sin PAD: propuesta por el nombre del curso,
"Ciencia, tecnología e innovación II",SO6,R,propuesta,nombre,0,Curso institucional sin PAD: propuesta por el nombre del curso,
"Ciencia, tecnología e innovación II",SO7,R,propuesta,nombre,0,Curso institucional sin PAD: propuesta por el nombre del curso,
Emprendimiento e innovación II,SO5,R,propuesta,nombre,0,Curso institucional sin PAD: propuesta por el nombre del curso,
Extensión rural,SO1,E,propuesta,pad,13,CAD602020834 REA 1: «modelos»; CAD602020834 experiencia: «modelos»; CAD602020834 soluciona un problema: Dificultades para la comercialización directa de productos a,
Extensión rural,SO2,R,propuesta,pad,7,7 indicios en actividades o competencias,
Extensión rural,SO3,E,propuesta,pad,14,CAD602020834 REA 2: «comunicacion»; CAD602020834 experiencia: «comunicacion»,
Extensión rural,SO4,R,propuesta,pad,5,CAD602020834 experiencia: «etica»,
Extensión rural,SO5,R,propuesta,pad,7,7 indicios en actividades o competencias,
Extensión rural,SO7,R,propuesta,pad,4,CAD602020834 experiencia: «indag»,
Profundización II,SO1,R,propuesta,pad,8,PROFUNDIZACION-II-EMPREND-DES-RUR-Y-TERRITOR experiencia: «modelos»,
Profundización II,SO2,E,propuesta,pad,6,PROFUNDIZACION-II-EMPREND-DES-RUR-Y-TERRITOR REA 1: «disenar»,
Profundización II,SO3,R,propuesta,pad,10,10 indicios en actividades o competencias,
Profundización II,SO4,E,propuesta,pad,4,PROFUNDIZACION-II-EMPREND-DES-RUR-Y-TERRITOR REA 3: «normativ»,
Profundización II,SO5,R,propuesta,pad,6,6 indicios en actividades o competencias,
Producción de cultivos,SO1,E,propuesta,pad,15,CAD602020831 REA 3: «optimiz»; CAD602020831 soluciona un problema: Bajos niveles de tecnificación en los diferentes procesos ag; CAD602020831 experiencia: «solucion»,
Producción de cultivos,SO2,E,propuesta,pad,9,CAD602020831 REA 3: «disenar»,
Producción de cultivos,SO3,R,propuesta,pad,14,CAD602020831 experiencia: «sustentacion»; CAD602020831 experiencia: «comunicacion»,
Producción de cultivos,SO4,R,propuesta,pad,5,5 indicios en actividades o competencias,
Producción de cultivos,SO5,R,propuesta,pad,6,6 indicios en actividades o competencias,
Producción de cultivos,SO6,R,propuesta,pad,6,CAD602020831 experiencia: «estadistic»,
Electiva II,SO1,E,propuesta,pad,41,CAD602020835 REA 1: «solucion»; CAD602020835 soluciona un problema: Debilidad en la cultura de sostenibilidad institucional y co; CAD602020835 soluciona un problema: Problemas en la planificación del territorio; CAD602020835 experiencia: «solucion»; CAD602020835-A soluciona un problema: Ineficiencia en procesos productivos y logísticos en mipymes; CAD602020835-A experiencia: «modelos»; CAD60202083,
Electiva II,SO2,E,propuesta,pad,20,CAD602020835-A REA 2: «diseno»; CAD602020835-A REA 3: «disenar»,
Electiva II,SO3,R,propuesta,pad,19,19 indicios en actividades o competencias,
Electiva II,SO4,E,propuesta,pad,18,CAD602020835 experiencia: «bienestar social»; CAD602020835-A REA 1: «normativ»; CAD602020835-A experiencia: «normativ»,
Electiva II,SO5,R,propuesta,pad,22,CAD602020835-B experiencia: «colaborativ»,
Electiva II,SO6,R,propuesta,pad,8,8 indicios en actividades o competencias,
Electiva II,SO7,E,propuesta,pad,14,CAD602020835-A REA 1: «revision documental»; CAD602020835-B REA 2: «consulta»,
Poscosecha,SO1,R,propuesta,pad,13,CAD602020832 experiencia: «soluciones»; CAD602020832 soluciona un problema: Problemas de contaminación ambiental,
Poscosecha,SO2,E,propuesta,pad,8,CAD602020832 REA 2: «disenar»; CAD602020832 experiencia: «disenar»,
Poscosecha,SO3,R,propuesta,pad,10,10 indicios en actividades o competencias,
Poscosecha,SO5,R,propuesta,pad,7,7 indicios en actividades o competencias,
Poscosecha,SO6,E,propuesta,pad,11,CAD602020832 REA 1: «experiment»; CAD602020832 experiencia: «experiment»,
"Ciencia, tecnología e innovación III",SO6,R,propuesta,nombre,0,Curso institucional sin PAD: propuesta por el nombre del curso,
"Ciencia, tecnología e innovación III",SO7,R,propuesta,nombre,0,Curso institucional sin PAD: propuesta por el nombre del curso,
Profundización III,SO3,R,propuesta,pad,9,PROFUNDIZACION-III-EMPREND-Y-DESARROLL-RUR-Y-TERR experiencia: «socializ»,
Opción de grado,SO3,E,propuesta,pad,9,CAD602020937 REA 3: «sustentacion»; CAD602020937 experiencia: «sustentacion»,
