indicador,marco,nodo,rol
RET,CNA,C27,principal
RET,ABET-EAC,C1,principal
DES,CNA,C27,principal
DES,ABET-EAC,C1,principal
GRAD,CNA,C16,principal
GRAD,ABET-EAC,C1,apoyo
GRAD_ACUM,CNA,C27,principal
GRAD_ACUM,ABET-EAC,C1,principal
GRAD_ACUM_NBC,ABET-EAC,C1,apoyo
INSC,CNA,C30,principal
INSC,ABET-EAC,C1,apoyo
ADM,CNA,C30,principal
ADM,ABET-EAC,C1,apoyo
PRIM,CNA,C30,principal
PRIM,ABET-EAC,C1,apoyo
ALC_REA1,REA-IA,REA1,principal
ALC_REA1,CNA,C23,principal
ALC_REA1,ABET-EAC,C4,apoyo
ALC_REA2,REA-IA,REA2,principal
ALC_REA2,CNA,C23,principal
ALC_REA2,ABET-EAC,C4,apoyo
ALC_REA3,REA-IA,REA3,principal
ALC_REA3,CNA,C23,principal
ALC_REA3,ABET-EAC,C4,apoyo
ALC_REA4,REA-IA,REA4,principal
ALC_REA4,CNA,C23,principal
ALC_REA4,ABET-EAC,C4,apoyo
ALC_REA5,REA-IA,REA5,principal
ALC_REA5,CNA,C23,principal
ALC_REA5,ABET-EAC,C4,apoyo
SP_PROG,CNA,C24,principal
SP_PROG,ABET-EAC,C3,apoyo
SP_INST,CNA,C24,principal
SP_INST,ABET-EAC,C3,apoyo
SP_REF,CNA,C24,principal
SP_REF,ABET-EAC,C3,apoyo
EST,CNA,C44,principal
EST,ABET-EAC,C1,apoyo
GC,CNA,C10,principal
GC,ABET-EAC,C6,principal
GC_DOC,CNA,C10,principal
GC_DOC,ABET-EAC,C6,principal
GC_MAE,CNA,C10,principal
GC_MAE,ABET-EAC,C6,principal
GC_ESP,CNA,C10,principal
GC_ESP,ABET-EAC,C6,principal
GC_PLANTA,CNA,C44,principal
GC_PLANTA,ABET-EAC,C6,principal
GC_PLANTA,ABET-EAC,C8b,apoyo
GC_OCAS,CNA,C44,principal
GC_OCAS,ABET-EAC,C6,principal
LABS,CNA,C47,principal
LABS,ABET-EAC,C7,principal
AREA,CNA,C47,principal
AREA,ABET-EAC,C7,apoyo
PPTO,CNA,C45,principal
PPTO,ABET-EAC,C8,principal
EMPL,CNA,C17,principal
EMPL,ABET-EAC,C2,apoyo
