indicador,periodo,sede,valor,desagregacion,evidencia,nota
RET,2020-1,Programa,94.49,,,
RET,2020-2,Programa,93.31,,,
RET,2021-1,Programa,94.87,,,
RET,2021-2,Programa,94.49,,,
RET,2022-1,Programa,94.31,,,
RET,2022-2,Programa,94.07,,,
RET,2023-1,Programa,92.95,,,
RET,2023-2,Programa,96.2,,,
RET,2024-1,Programa,94.65,,,
RET,2024-2,Programa,93.65,,,
DES,2020-1,Programa,5.51,,,
DES,2020-2,Programa,6.69,,,
DES,2021-1,Programa,5.13,,,
DES,2021-2,Programa,5.51,,,
DES,2022-1,Programa,5.69,,,
DES,2022-2,Programa,5.93,,,
DES,2023-1,Programa,7.05,,,
DES,2023-2,Programa,3.8,,,
DES,2024-1,Programa,5.35,,,
DES,2024-2,Programa,6.35,,,
GRAD,2020-1,Fusagasugá,36.0,,F06-P005,
GRAD,2020-2,Fusagasugá,49.0,,F06-P005,
GRAD,2021-1,Fusagasugá,36.0,,F06-P005,
GRAD,2021-2,Fusagasugá,33.0,,F06-P005,
GRAD,2022-1,Fusagasugá,36.0,,F06-P005,
GRAD,2022-2,Fusagasugá,33.0,,F06-P005,
GRAD,2023-1,Fusagasugá,40.0,,F06-P005,
GRAD,2023-2,Fusagasugá,46.0,,F06-P005,
GRAD,2024-1,Fusagasugá,32.0,,F06-P005,
GRAD,2024-2,Fusagasugá,20.0,,F06-P005,
GRAD,2025-1,Fusagasugá,26.0,,F06-P005,
GRAD,2025-2,Fusagasugá,14.0,,F06-P005,
GRAD,2020-1,Facatativá,29.0,,F06-P005,
GRAD,2020-2,Facatativá,24.0,,F06-P005,
GRAD,2021-1,Facatativá,25.0,,F06-P005,
GRAD,2021-2,Facatativá,13.0,,F06-P005,
GRAD,2022-1,Facatativá,32.0,,F06-P005,
GRAD,2022-2,Facatativá,21.0,,F06-P005,
GRAD,2023-1,Facatativá,19.0,,F06-P005,
GRAD,2023-2,Facatativá,40.0,,F06-P005,
GRAD,2024-1,Facatativá,36.0,,F06-P005,
GRAD,2024-2,Facatativá,30.0,,F06-P005,
GRAD,2025-1,Facatativá,38.0,,F06-P005,
GRAD,2025-2,Facatativá,25.0,,F06-P005,
GRAD_ACUM,S12,Programa,32.9,,F06-P007,Factor 6
GRAD_ACUM,S13,Programa,39.4,,F06-P007,Factor 6
GRAD_ACUM,S14,Programa,44.3,,F06-P007,Factor 6
GRAD_ACUM,S12,Programa,18.71,,F04-P006,Factor 4
GRAD_ACUM,S13,Programa,27.45,,F04-P006,Factor 4
GRAD_ACUM,S14,Programa,34.33,,F04-P006,Factor 4
GRAD_ACUM_NBC,S12,Programa,25.1,,F06-P007,Factor 6
GRAD_ACUM_NBC,S13,Programa,28.1,,F06-P007,Factor 6
GRAD_ACUM_NBC,S14,Programa,31.1,,F06-P007,Factor 6
GRAD_ACUM_NBC,S12,Programa,25.06,,F04-P006,Factor 4
GRAD_ACUM_NBC,S13,Programa,28.12,,F04-P006,Factor 4
GRAD_ACUM_NBC,S14,Programa,31.1,,F04-P006,Factor 4
INSC,2020-1,Fusagasugá,90.0,,F06-P015,
INSC,2020-2,Fusagasugá,45.0,,F06-P015,
INSC,2021-1,Fusagasugá,76.0,,F06-P015,
INSC,2021-2,Fusagasugá,96.0,,F06-P015,
INSC,2022-1,Fusagasugá,106.0,,F06-P015,
INSC,2022-2,Fusagasugá,89.0,,F06-P015,
INSC,2023-1,Fusagasugá,92.0,,F06-P015,
INSC,2023-2,Fusagasugá,117.0,,F06-P015,
INSC,2024-1,Fusagasugá,132.0,,F06-P015,
INSC,2024-2,Fusagasugá,104.0,,F06-P015,
INSC,2025-1,Fusagasugá,122.0,,F06-P015,
INSC,2025-2,Fusagasugá,96.0,,F06-P015,
INSC,2020-1,Facatativá,103.0,,F06-P015,
INSC,2020-2,Facatativá,52.0,,F06-P015,
INSC,2021-1,Facatativá,118.0,,F06-P015,
INSC,2021-2,Facatativá,149.0,,F06-P015,
INSC,2022-1,Facatativá,134.0,,F06-P015,
INSC,2022-2,Facatativá,115.0,,F06-P015,
INSC,2023-1,Facatativá,116.0,,F06-P015,
INSC,2023-2,Facatativá,119.0,,F06-P015,
INSC,2024-1,Facatativá,158.0,,F06-P015,
INSC,2024-2,Facatativá,104.0,,F06-P015,
INSC,2025-1,Facatativá,147.0,,F06-P015,
INSC,2025-2,Facatativá,130.0,,F06-P015,
ADM,2020-1,Fusagasugá,56.0,,F06-P015,
ADM,2020-2,Fusagasugá,42.0,,F06-P015,
ADM,2021-1,Fusagasugá,40.0,,F06-P015,
ADM,2021-2,Fusagasugá,41.0,,F06-P015,
ADM,2022-1,Fusagasugá,41.0,,F06-P015,
ADM,2022-2,Fusagasugá,40.0,,F06-P015,
ADM,2023-1,Fusagasugá,44.0,,F06-P015,
ADM,2023-2,Fusagasugá,41.0,,F06-P015,
ADM,2024-1,Fusagasugá,49.0,,F06-P015,
ADM,2024-2,Fusagasugá,41.0,,F06-P015,
ADM,2025-1,Fusagasugá,43.0,,F06-P015,
ADM,2025-2,Fusagasugá,43.0,,F06-P015,
ADM,2020-1,Facatativá,41.0,,F06-P015,
ADM,2020-2,Facatativá,36.0,,F06-P015,
ADM,2021-1,Facatativá,39.0,,F06-P015,
ADM,2021-2,Facatativá,35.0,,F06-P015,
ADM,2022-1,Facatativá,40.0,,F06-P015,
ADM,2022-2,Facatativá,40.0,,F06-P015,
ADM,2023-1,Facatativá,41.0,,F06-P015,
ADM,2023-2,Facatativá,42.0,,F06-P015,
ADM,2024-1,Facatativá,50.0,,F06-P015,
ADM,2024-2,Facatativá,43.0,,F06-P015,
ADM,2025-1,Facatativá,44.0,,F06-P015,
ADM,2025-2,Facatativá,42.0,,F06-P015,
PRIM,2020-1,Fusagasugá,40.0,,F06-P015,
PRIM,2020-2,Fusagasugá,33.0,,F06-P015,
PRIM,2021-1,Fusagasugá,37.0,,F06-P015,
PRIM,2021-2,Fusagasugá,32.0,,F06-P015,
PRIM,2022-1,Fusagasugá,36.0,,F06-P015,
PRIM,2022-2,Fusagasugá,40.0,,F06-P015,
PRIM,2023-1,Fusagasugá,40.0,,F06-P015,
PRIM,2023-2,Fusagasugá,40.0,,F06-P015,
PRIM,2024-1,Fusagasugá,39.0,,F06-P015,
PRIM,2024-2,Fusagasugá,40.0,,F06-P015,
PRIM,2025-1,Fusagasugá,40.0,,F06-P015,
PRIM,2025-2,Fusagasugá,39.0,,F06-P015,
PRIM,2020-1,Facatativá,38.0,,F06-P015,
PRIM,2020-2,Facatativá,32.0,,F06-P015,
PRIM,2021-1,Facatativá,34.0,,F06-P015,
PRIM,2021-2,Facatativá,33.0,,F06-P015,
PRIM,2022-1,Facatativá,36.0,,F06-P015,
PRIM,2022-2,Facatativá,40.0,,F06-P015,
PRIM,2023-1,Facatativá,40.0,,F06-P015,
PRIM,2023-2,Facatativá,39.0,,F06-P015,
PRIM,2024-1,Facatativá,39.0,,F06-P015,
PRIM,2024-2,Facatativá,39.0,,F06-P015,
PRIM,2025-1,Facatativá,40.0,,F06-P015,
PRIM,2025-2,Facatativá,40.0,,F06-P015,
ALC_REA1,2023-2,Programa,71.0,,F05-P027,
ALC_REA1,2024-1,Programa,75.0,,F05-P027,
ALC_REA1,2024-2,Programa,73.0,,F05-P027,
ALC_REA1,2025-1,Programa,78.0,,F05-P027,
ALC_REA1,2025-2,Programa,72.0,,F05-P027,
ALC_REA2,2023-2,Programa,78.0,,F05-P027,
ALC_REA2,2024-1,Programa,80.0,,F05-P027,
ALC_REA2,2024-2,Programa,81.0,,F05-P027,
ALC_REA2,2025-1,Programa,85.0,,F05-P027,
ALC_REA2,2025-2,Programa,79.0,,F05-P027,
ALC_REA3,2023-2,Programa,75.0,,F05-P027,
ALC_REA3,2024-1,Programa,77.0,,F05-P027,
ALC_REA3,2024-2,Programa,75.0,,F05-P027,
ALC_REA3,2025-1,Programa,75.0,,F05-P027,
ALC_REA3,2025-2,Programa,77.0,,F05-P027,
ALC_REA4,2023-2,Programa,76.0,,F05-P027,
ALC_REA4,2024-1,Programa,77.0,,F05-P027,
ALC_REA4,2024-2,Programa,77.0,,F05-P027,
ALC_REA4,2025-1,Programa,77.0,,F05-P027,
ALC_REA4,2025-2,Programa,78.0,,F05-P027,
ALC_REA5,2023-2,Programa,78.0,,F05-P027,
ALC_REA5,2024-1,Programa,86.0,,F05-P027,
ALC_REA5,2024-2,Programa,85.0,,F05-P027,
ALC_REA5,2025-1,Programa,85.0,,F05-P027,
ALC_REA5,2025-2,Programa,77.0,,F05-P027,
SP_PROG,2022,Programa,143.0,,F05-P030,
SP_PROG,2023,Programa,142.0,,F05-P030,
SP_PROG,2024,Programa,144.0,,F05-P030,
SP_INST,2022,Programa,145.0,,F05-P030,
SP_INST,2023,Programa,147.0,,F05-P030,
SP_INST,2024,Programa,145.0,,F05-P030,
SP_REF,2022,Programa,143.0,,F05-P030,
SP_REF,2023,Programa,144.0,,F05-P030,
SP_REF,2024,Programa,145.0,,F05-P030,
EST,2025-2,Fusagasugá,318.0,,F01-P002,
EST,2025-2,Facatativá,289.0,,F01-P002,
GC,2025-2,Fusagasugá,30.0,,F01-P002,
GC,2025-2,Facatativá,23.0,,F01-P002,
GC_DOC,2025-2,Programa,16.0,,F03-P008,
GC_MAE,2025-2,Programa,65.0,,F03-P008,
GC_ESP,2025-2,Programa,19.0,,F03-P008,
GC_PLANTA,2025-2,Fusagasugá,1.0,,F11-P009,
GC_PLANTA,2025-2,Facatativá,0.0,,F11-P009,
GC_OCAS,2025-2,Fusagasugá,26.0,,F11-P009,
GC_OCAS,2025-2,Facatativá,20.0,,F11-P009,
LABS,2025,Fusagasugá,26.0,,F12-P003,
LABS,2025,Facatativá,9.0,,F12-P003,
AREA,2025,Fusagasugá,70400.0,,F12-P003,
AREA,2025,Facatativá,12400.0,,F12-P003,
PPTO,2025,Programa,6027854647.0,,F11-P010,
EMPL,2025,Programa,80.0,,F01-P015,
CNA_VAL,2025,Programa,5.0,C01,,
CNA_VAL,2025,Programa,4.1,C02,,
CNA_VAL,2025,Programa,4.0,C03,,
CNA_VAL,2025,Programa,4.0,C04,,
CNA_VAL,2025,Programa,4.0,C05,,
CNA_VAL,2025,Programa,4.5,C06,,
CNA_VAL,2025,Programa,4.0,C07,,
CNA_VAL,2025,Programa,4.5,C08,,
CNA_VAL,2025,Programa,3.7,C09,,
CNA_VAL,2025,Programa,4.5,C10,,
CNA_VAL,2025,Programa,4.3,C11,,
CNA_VAL,2025,Programa,4.5,C12,,
CNA_VAL,2025,Programa,4.2,C13,,
CNA_VAL,2025,Programa,4.5,C14,,
CNA_VAL,2025,Programa,4.5,C15,,
CNA_VAL,2025,Programa,4.0,C16,,
CNA_VAL,2025,Programa,4.7,C17,,
CNA_VAL,2025,Programa,4.7,C18,,
CNA_VAL,2025,Programa,4.8,C19,,
CNA_VAL,2025,Programa,5.0,C20,,
CNA_VAL,2025,Programa,4.7,C21,,
CNA_VAL,2025,Programa,4.0,C22,,
CNA_VAL,2025,Programa,4.3,C23,,
CNA_VAL,2025,Programa,5.0,C24,,
CNA_VAL,2025,Programa,4.3,C25,,
CNA_VAL,2025,Programa,4.0,C26,,
CNA_VAL,2025,Programa,4.0,C27,,
CNA_VAL,2025,Programa,4.3,C28,,
CNA_VAL,2025,Programa,4.5,C29,,
CNA_VAL,2025,Programa,4.7,C30,,
CNA_VAL,2025,Programa,4.5,C31,,
CNA_VAL,2025,Programa,4.3,C32,,
CNA_VAL,2025,Programa,4.5,C33,,
CNA_VAL,2025,Programa,4.8,C34,,
CNA_VAL,2025,Programa,4.8,C35,,
CNA_VAL,2025,Programa,4.5,C36,,
CNA_VAL,2025,Programa,4.3,C37,,
CNA_VAL,2025,Programa,4.2,C38,,
CNA_VAL,2025,Programa,4.3,C39,,
CNA_VAL,2025,Programa,5.0,C40,,
CNA_VAL,2025,Programa,4.2,C41,,
CNA_VAL,2025,Programa,4.5,C42,,
CNA_VAL,2025,Programa,4.3,C43,,
CNA_VAL,2025,Programa,4.2,C44,,
CNA_VAL,2025,Programa,4.0,C45,,
CNA_VAL,2025,Programa,5.0,C46,,
CNA_VAL,2025,Programa,4.3,C47,,
CNA_VAL,2025,Programa,4.3,C48,,
