marco,codigo,nombre,tipo,padre,orden,descripcion
CNA,F01,Proyecto educativo del programa e identidad institucional,factor,,100,
CNA,F02,Estudiantes,factor,,200,
CNA,F03,Profesores,factor,,300,
CNA,F04,Egresados,factor,,400,
CNA,F05,Aspectos académicos y resultados de aprendizaje,factor,,500,
CNA,F06,Permanencia y graduación,factor,,600,
CNA,F07,Interacción con el entorno nacional e internacional,factor,,700,
CNA,F08,"Aportes de la investigación, la innovación, el desarrollo tecnológico y la creación",factor,,800,
CNA,F09,Bienestar de la comunidad académica del programa,factor,,900,
CNA,F10,Medios educativos y ambientes de aprendizaje,factor,,1000,
CNA,F11,"Organización, administración y financiación del programa académico",factor,,1100,
CNA,F12,Recursos físicos y tecnológicos,factor,,1200,
CNA,C01,Proyecto educativo del programa,caracteristica,F01,101,
CNA,C02,Relevancia académica y pertinencia social del programa,caracteristica,F01,102,
CNA,C03,Participación en actividades de formación integral,caracteristica,F02,203,
CNA,C04,Orientación y seguimiento a estudiantes,caracteristica,F02,204,
CNA,C05,Capacidad de trabajo autónomo,caracteristica,F02,205,
CNA,C06,Reglamento estudiantil y política académica,caracteristica,F02,206,
CNA,C07,Estímulos y apoyos para estudiantes,caracteristica,F02,207,
CNA,C08,"Selección, vinculación y permanencia",caracteristica,F03,308,
CNA,C09,Estatuto profesoral,caracteristica,F03,309,
CNA,C10,"Número, dedicación, nivel de formación y experiencia",caracteristica,F03,310,
CNA,C11,Desarrollo profesoral,caracteristica,F03,311,
CNA,C12,Estímulos a la trayectoria profesoral,caracteristica,F03,312,
CNA,C13,"Producción, pertinencia, utilización e impacto de material docente",caracteristica,F03,313,
CNA,C14,Remuneración por méritos,caracteristica,F03,314,
CNA,C15,Evaluación de profesores,caracteristica,F03,315,
CNA,C16,Seguimiento a graduados,caracteristica,F04,416,
CNA,C17,Impacto de los graduados en el medio social y académico,caracteristica,F04,417,
CNA,C18,Integralidad de los aspectos curriculares,caracteristica,F05,518,
CNA,C19,Flexibilidad de los aspectos curriculares,caracteristica,F05,519,
CNA,C20,Interdisciplinariedad,caracteristica,F05,520,
CNA,C21,Estrategias pedagógicas,caracteristica,F05,521,
CNA,C22,Sistema de evaluación de estudiantes,caracteristica,F05,522,
CNA,C23,Resultados de aprendizaje,caracteristica,F05,523,
CNA,C24,Competencias,caracteristica,F05,524,
CNA,C25,Evaluación y autorregulación del programa,caracteristica,F05,525,
CNA,C26,Vinculación e interacción social,caracteristica,F05,526,
CNA,C27,"Políticas, estrategias y estructura para la permanencia y la graduación",caracteristica,F06,627,
CNA,C28,Caracterización de estudiantes y sistema de alertas tempranas,caracteristica,F06,628,
CNA,C29,Ajustes a los aspectos curriculares,caracteristica,F06,629,
CNA,C30,Mecanismos de selección,caracteristica,F06,630,
CNA,C31,Inserción del programa en contextos académicos nacionales e internacionales,caracteristica,F07,731,
CNA,C32,Relaciones externas de profesores y estudiantes,caracteristica,F07,732,
CNA,C33,Habilidades comunicativas en una segunda lengua,caracteristica,F07,733,
CNA,C34,"Formación para la investigación, el desarrollo tecnológico, la innovación y la creación",caracteristica,F08,834,
CNA,C35,"Compromiso con la investigación, el desarrollo tecnológico, la innovación y la creación",caracteristica,F08,835,
CNA,C36,Programas y servicios,caracteristica,F09,936,
CNA,C37,Participación y seguimiento,caracteristica,F09,937,
CNA,C38,Estrategias y recursos de apoyo a profesores,caracteristica,F10,1038,
CNA,C39,Estrategias y recursos de apoyo a estudiantes,caracteristica,F10,1039,
CNA,C40,Recursos bibliográficos y de información,caracteristica,F10,1040,
CNA,C41,Organización y administración,caracteristica,F11,1141,
CNA,C42,Dirección y gestión,caracteristica,F11,1142,
CNA,C43,Sistemas de comunicación e información,caracteristica,F11,1143,
CNA,C44,Estudiantes y capacidad institucional,caracteristica,F11,1144,
CNA,C45,Financiación del programa,caracteristica,F11,1145,
CNA,C46,Aseguramiento de la alta calidad y mejora continua,caracteristica,F11,1146,
CNA,C47,Recursos de infraestructura física y tecnológica,caracteristica,F12,1247,
CNA,C48,Recursos informáticos y de comunicación,caracteristica,F12,1248,
ABET-EAC,C1,Estudiantes,criterio,,1,"Evaluación y seguimiento del desempeño, consejería, políticas de admisión, transferencia y homologación, verificación de requisitos de grado."
ABET-EAC,C2,Objetivos educacionales del programa (PEOs),criterio,,2,"Objetivos publicados, coherentes con la misión y las necesidades de los grupos de interés, con proceso documentado de revisión periódica."
ABET-EAC,C3,Resultados de los estudiantes (Student Outcomes),criterio,,3,"Resultados 1 a 7 más los que defina el programa, con proceso documentado de revisión."
ABET-EAC,SO1,Resolver problemas complejos de ingeniería,outcome,C3,4,"Identificar, formular y resolver problemas complejos aplicando principios de ingeniería, ciencia y matemáticas."
ABET-EAC,SO2,Diseño de ingeniería,outcome,C3,5,"Aplicar diseño de ingeniería para producir soluciones a necesidades específicas considerando salud, seguridad, bienestar y factores globales, culturales, sociales, ambientales y económicos."
ABET-EAC,SO3,Comunicación efectiva,outcome,C3,6,Comunicarse efectivamente con públicos diversos.
ABET-EAC,SO4,Ética y responsabilidad profesional,outcome,C3,7,"Reconocer responsabilidades éticas y profesionales y emitir juicios informados considerando impactos globales, económicos, ambientales y sociales."
ABET-EAC,SO5,Trabajo en equipo,outcome,C3,8,"Funcionar eficazmente en equipos que colaboran, lideran, fijan metas, planifican y cumplen objetivos."
ABET-EAC,SO6,Experimentación y análisis de datos,outcome,C3,9,"Diseñar y conducir experimentación, analizar e interpretar datos y usar juicio ingenieril para concluir."
ABET-EAC,SO7,Aprendizaje autónomo,outcome,C3,10,"Adquirir y aplicar nuevo conocimiento según se necesite, con estrategias de aprendizaje apropiadas."
ABET-EAC,C4,Mejora continua,criterio,,11,"Procesos documentados y aplicados de evaluación y valoración del logro de los Student Outcomes, cuyos resultados se usan para mejorar el programa."
ABET-EAC,C5,Currículo,criterio,,12,"Contenido adecuado en cada área, coherente con PEOs y Student Outcomes."
ABET-EAC,C5a,Matemáticas y ciencias básicas (mínimo 30 créditos semestrales),subcriterio,C5,13,
ABET-EAC,C5b,Temas de ingeniería (mínimo 45 créditos semestrales),subcriterio,C5,14,"Ciencias de la ingeniería y diseño de ingeniería, con uso de herramientas modernas."
ABET-EAC,C5c,Componente de educación amplia,subcriterio,C5,15,
ABET-EAC,C5d,Experiencia de diseño mayor (culminante),subcriterio,C5,16,"Proyecto de diseño que integra conocimientos previos, con estándares y restricciones múltiples, obligatorio para todos."
ABET-EAC,C6,Profesores,criterio,,17,"Número suficiente, competencias para cubrir todas las áreas, continuidad y estabilidad, autoridad sobre el programa."
ABET-EAC,C7,Instalaciones,criterio,,18,"Aulas, laboratorios y equipos adecuados para el logro de los Student Outcomes, incluida la seguridad."
ABET-EAC,C8,Apoyo institucional,criterio,,19,
ABET-EAC,C8a,Calidad y continuidad del programa,subcriterio,C8,20,
ABET-EAC,C8b,"Atraer, retener y desarrollar profesores",subcriterio,C8,21,
ABET-EAC,C8c,Infraestructura y equipos,subcriterio,C8,22,
ABET-EAC,C8d,Ambiente respetuoso,subcriterio,C8,23,
ABET-EAC,PC,Criterios específicos del programa (por confirmar con ABET),criterio,,24,
REA-IA,REA1,REA1,rea,,1,"Aplicar coherentemente herramientas comunicativas en procesos de interacción social, con sentido crítico y transformador del entorno."
REA-IA,REA2,REA2,rea,,2,"Aplicar herramientas matemáticas que faciliten el análisis, diseño, seguimiento y evaluación de sistemas productivos e investigativos."
REA-IA,REA3,REA3,rea,,3,"Desempeñarse honestamente como persona con principios, valores, actitudes y comportamientos propios del profesional UCundinamarca."
REA-IA,REA4,REA4,rea,,4,"Identificar y analizar conceptos, funcionalidad y elementos biológicos de un sistema de producción agrícola y sus interacciones."
REA-IA,REA5,REA5,rea,,5,"Liderar ética y solidariamente procesos de transformación de las comunidades, con alternativas viables y respetuosas del ambiente y la multiculturalidad."
REA-IA-2025,REA1,REA 1 (2025),rea,,1,Diseñar sistemas productivos agrícolas sostenibles integrando herramientas de planificación y diagnóstico técnico en contextos rurales diversos.
REA-IA-2025,REA2,REA 2 (2025),rea,,2,Aplicar tecnología agronómica considerando criterios éticos y de responsabilidad social para atender problemáticas del agro en contextos locales y translocales.
REA-IA-2025,REA3,REA 3 (2025),rea,,3,Formular alternativas tecnológicas fundamentadas en criterios científicos para optimizar la productividad y sostenibilidad del agroecosistema.
ATMAE-2027,A1,Metas del programa,criterio,,1,"Metas operativas de corto y largo plazo, medibles y alineadas con la unidad académica y la institución, con planes para lograrlas; deben incluir metas de mantenimiento y mejora de instalaciones y equipos. En reacreditación: evidencia de metas pasadas y su uso para mejorar."
ATMAE-2027,A2,Resultados de aprendizaje del programa (PLO),criterio,,2,"PLO medibles, validados por el comité asesor de la industria; los resultados de cada curso (SLO) mapeados a los PLO; cada PLO evaluado con medidas directas e indirectas."
ATMAE-2027,A3,Estructura del programa y secuencia de cursos,criterio,,3,Mínimos y máximos de horas semestrales por área (tabla A-2 para pregrado) y justificación si se excede un máximo.
ATMAE-2027,A3.1,Currículo mínimo (pregrado),subcriterio,A3,4,"Mínimo 120 horas semestrales: educación general 18-36 (con al menos un curso de comunicación oral y uno escrito), matemáticas 6-18, ciencias físicas 6-18 (ciencias de la vida pueden ser apropiadas), gestión/técnica/especialización 42-60 (gestión máximo 24), electivas 0-18; 15 horas de cursos de últimos años en la institución."
ATMAE-2027,A3.2,Secuencia de cursos,subcriterio,A3,5,"La secuencia asegura que matemáticas, ciencias y comunicación se apliquen en los cursos técnicos y de gestión, y que los cursos avanzados se construyan sobre los básicos."
ATMAE-2027,A3.3,Actividades de laboratorio,subcriterio,A3,6,"Equilibrio entre el ""cómo"" práctico y el ""por qué"" conceptual; en pregrado, laboratorios apropiados, que pueden incluir experiencias de laboratorio virtual."
ATMAE-2027,A4,"Admisión, matrícula y retención",criterio,,7,"Prácticas de admisión, matrícula y retención comparables con otros programas de la institución."
ATMAE-2027,A4.1,Admisión,subcriterio,A4,8,Estándares de admisión y calidad de los estudiantes comparables (p. ej. puntajes de pruebas y posiciones).
ATMAE-2027,A4.2,Matrícula,subcriterio,A4,9,"Matrícula registrada y verificada, suficiente para sostener el programa según estándares institucionales o estatales."
ATMAE-2027,A4.3,Retención,subcriterio,A4,10,"Estándares de retención comparables: promedios y criterios de buen rendimiento, advertencia, prueba académica y suspensión."
ATMAE-2027,A5,Apoyo administrativo y cualificación docente,criterio,,11,Personal suficiente para apoyar el programa.
ATMAE-2027,A5.1,Administradores,subcriterio,A5,12,Administradores cualificados y servicios de colocación laboral para los graduados.
ATMAE-2027,A5.2,Profesores,subcriterio,A5,13,"Suficientes profesores de tiempo completo cualificados; formación académica, experiencia en la industria, membresía en asociaciones profesionales y actividad académica; en pregrado, título de posgrado y al menos 50 % de los profesores de tiempo completo con doctorado; políticas de selección, cargas y remuneración comparables; criterios para profesores de cátedra."
ATMAE-2027,A6,"Instalaciones, equipos, apoyo y seguridad",criterio,,14,Instalaciones y equipos suficientes para los resultados de aprendizaje del programa.
ATMAE-2027,A6.1,Instalaciones y equipos,subcriterio,A6,15,"Instalaciones, aulas, laboratorios, equipos, herramientas, materiales, computadores y software modernos, funcionales y mantenidos."
ATMAE-2027,A6.2,Personal de apoyo técnico,subcriterio,A6,16,"Personal técnico que mantenga y apoye instalaciones, equipos y software durante la instrucción."
ATMAE-2027,A6.3,Seguridad,subcriterio,A6,17,"Protocolos de seguridad y salud alineados con OSHA (en Colombia, el equivalente es el SG-SST), documentados, accesibles en el lugar de uso y cumplidos."
ATMAE-2027,A7,Operación del programa,criterio,,18,"Instrucción, recursos y presupuesto adecuados."
ATMAE-2027,A7.1,Instrucción,subcriterio,A7,19,"Programación de la instrucción y consejería, calidad de la instrucción y supervisión de la instrucción."
ATMAE-2027,A7.2,Recursos,subcriterio,A7,20,"Materiales de recurso; formación para diseñar, impartir y evaluar; infraestructura tecnológica; tecnologías y medios con protocolos de seguridad de exámenes y detección de plagio; diseñadores instruccionales; herramientas para que el estudiante siga su progreso y reciba retroalimentación oportuna."
ATMAE-2027,A7.3,Presupuesto,subcriterio,A7,21,Presupuesto de operación suficiente y comparable con otros programas equivalentes.
ATMAE-2027,A8,Satisfacción de los graduados,criterio,,22,Opinión de los graduados sobre los PLO recogida y analizada al menos cada 2 a 5 años.
ATMAE-2027,A8.1,Satisfacción de graduados,subcriterio,A8,23,Datos resumidos de satisfacción y actitudes de los graduados frente a los PLO.
ATMAE-2027,A8.2,Empleo de graduados,subcriterio,A8,24,"Datos de empleo, colocación, cargos y salarios de los graduados."
ATMAE-2027,A8.3,Ascenso laboral de graduados,subcriterio,A8,25,Datos de ascensos a cargos de mayor responsabilidad.
ATMAE-2027,A9,Satisfacción de los empleadores,criterio,,26,"Opinión de los empleadores sobre la preparación de los graduados frente a los PLO, recogida y analizada al menos cada 2 a 5 años."
ATMAE-2027,A10,Comité asesor de la industria,criterio,,27,Comité asesor activo con representantes cualificados de la industria.
ATMAE-2027,A10.1,Reglamento del comité,subcriterio,A10,28,"Criterios y procedimiento de selección de miembros, duración, al menos una reunión al año y forma de trabajo."
ATMAE-2027,A10.2,Responsabilidades del comité,subcriterio,A10,29,"Participa en definir PLO y metas, aporta para mejorar el programa y valida los PLO."
ATMAE-2027,A10.3,Lista de miembros,subcriterio,A10,30,Lista de miembros con datos de contacto.
ATMAE-2027,A10.4,Agendas y actas,subcriterio,A10,31,Agendas y actas de las reuniones.
ATMAE-2027,A11,Medidas de resultado para mejorar el programa,criterio,,32,"Cada PLO evaluado con medidas directas e indirectas (satisfacción y empleo de graduados, empleadores, comité asesor, medidas directas en cursos); ciclo completo PLO → medidas → resultados → análisis → mejora (tabla B por PLO)."
ATMAE-2027,A12,Transparencia pública del programa,criterio,,33,"Página web del programa con la sección o enlace titulado exactamente ""Student Performance and Achievement Information"": tasas de graduación y retención, entre otros datos de logro, respetando la normativa de protección de datos."
ANECA-EURACE,E1,Organización y desarrollo,criterio,,1,"Dimensión 1, gestión del título. El programa está actualizado y se implanta según lo aprobado: plan de estudios coherente con el perfil de egreso, coordinación docente, criterios de admisión, normativas de permanencia y reconocimiento de créditos."
ANECA-EURACE,E2,Información y transparencia,criterio,,2,Dimensión 1. La institución comunica a todos los grupos de interés las características del programa y los procesos que garantizan su calidad.
ANECA-EURACE,E3,Sistema de garantía interna de calidad (SGIC),criterio,,3,Dimensión 1. Sistema de garantía interna de calidad formalmente establecido e implementado que asegura de forma eficaz la calidad y la mejora continua del título.
ANECA-EURACE,E4,Personal académico,criterio,,4,"Dimensión 2, recursos. Profesorado suficiente y adecuado a las características del título y al número de estudiantes: cualificación, experiencia docente, investigadora y profesional, actualización."
ANECA-EURACE,E5,"Personal de apoyo, recursos materiales y servicios",criterio,,5,"Dimensión 2. Personal de apoyo, recursos materiales (aulas, laboratorios, equipamiento) y servicios (orientación académica y profesional, prácticas externas) adecuados al título y a sus estudiantes."
ANECA-EURACE,E6,Resultados de aprendizaje,criterio,,6,"Dimensión 3, resultados. Los resultados de aprendizaje alcanzados son coherentes con el perfil de egreso y con el nivel de la titulación en el marco de cualificaciones; actividades formativas y sistemas de evaluación adecuados."
ANECA-EURACE,E7,Indicadores de satisfacción y rendimiento,criterio,,7,"Dimensión 3. Indicadores (tasas de graduación, abandono, eficiencia y rendimiento), satisfacción de estudiantes, profesorado, egresados y empleadores, e inserción laboral congruentes con el diseño del título y las demandas del entorno."
ANECA-EURACE,E8,Resultados de aprendizaje EUR-ACE,criterio,,8,"Dimensión 4, EUR-ACE. Los egresados alcanzan los resultados de aprendizaje de ENAEE para programas de ingeniería de grado, evidenciados en asignaturas, actividades formativas y evaluaciones."
ANECA-EURACE,E8.1,Conocimiento y comprensión,outcome,E8,9,"Matemáticas y ciencias básicas que sustentan la especialidad, disciplinas de ingeniería del programa (incluidos conocimientos de vanguardia) y contexto multidisciplinar de la ingeniería."
ANECA-EURACE,E8.2,Análisis en ingeniería,outcome,E8,10,"Analizar productos, procesos y sistemas complejos; identificar, formular y resolver problemas de ingeniería con métodos analíticos, computacionales y experimentales, reconociendo limitaciones no técnicas."
ANECA-EURACE,E8.3,Proyectos (diseño) de ingeniería,outcome,E8,11,"Desarrollar y diseñar productos, procesos y sistemas complejos que cumplan requisitos, con conciencia de condicionantes sociales, sanitarios, ambientales, económicos e industriales, aplicando metodologías de diseño."
ANECA-EURACE,E8.4,Investigación e innovación,outcome,E8,12,"Búsquedas bibliográficas y uso crítico de bases de datos; consulta y aplicación de normativas de seguridad; diseño y realización de investigaciones experimentales, interpretación de datos y conclusiones."
ANECA-EURACE,E8.5,Aplicación práctica de la ingeniería,outcome,E8,13,"Técnicas y métodos y sus limitaciones; destrezas prácticas; materiales, equipos, tecnologías y procesos; normas de la práctica profesional; implicaciones no técnicas; economía, organización y gestión de proyectos."
ANECA-EURACE,E8.6,Elaboración de juicios,outcome,E8,14,Recopilar e interpretar datos para emitir juicios que incluyan reflexión social y ética; gestionar actividades técnicas o proyectos complejos asumiendo la responsabilidad de las decisiones.
ANECA-EURACE,E8.7,Comunicación y trabajo en equipo,outcome,E8,15,"Comunicar información, ideas, problemas y soluciones a la comunidad de ingenieros y a la sociedad; trabajar en equipo en contextos nacionales e internacionales con ingenieros y no ingenieros."
ANECA-EURACE,E8.8,Formación continua,outcome,E8,16,Reconocer la necesidad de formación continua independiente y mantenerse al día de los desarrollos científicos y tecnológicos.
ANECA-EURACE,E9,Soporte institucional del título,criterio,,17,"Dimensión 4. Soporte institucional adecuado (organización, gestión y financiación) que garantiza la sostenibilidad del programa en el tiempo."
CNA-INST,IF01,Identidad institucional,factor,,100,
CNA-INST,IC01,Coherencia y pertinencia de la misión,caracteristica,IF01,101,
CNA-INST,IC02,Orientaciones y estrategias del proyecto educativo institucional,caracteristica,IF01,102,
CNA-INST,IC03,Formación integral y construcción de identidad,caracteristica,IF01,103,
CNA-INST,IF02,Gobierno institucional y transparencia,factor,,200,
CNA-INST,IC04,Buen gobierno y máximo órgano de gobierno,caracteristica,IF02,204,
CNA-INST,IC05,Relación con grupos de interés,caracteristica,IF02,205,
CNA-INST,IC06,Rendición de cuentas,caracteristica,IF02,206,
CNA-INST,IF03,"Desarrollo, gestión y sostenibilidad institucional",factor,,300,
CNA-INST,IC07,Administración y gestión,caracteristica,IF03,307,
CNA-INST,IC08,Procesos de comunicación,caracteristica,IF03,308,
CNA-INST,IC09,Capacidad de gestión,caracteristica,IF03,309,
CNA-INST,IC10,Recursos de apoyo académico,caracteristica,IF03,310,
CNA-INST,IC11,Infraestructura física y tecnológica,caracteristica,IF03,311,
CNA-INST,IC12,Recursos y gestión financiera,caracteristica,IF03,312,
CNA-INST,IF04,Mejoramiento continuo y autorregulación,factor,,400,
CNA-INST,IC13,Cultura de la autoevaluación,caracteristica,IF04,413,
CNA-INST,IC14,Procesos de autorregulación,caracteristica,IF04,414,
CNA-INST,IC15,Sistema interno de aseguramiento de la calidad,caracteristica,IF04,415,
CNA-INST,IC16,"Evaluación de directivas, profesores y personal administrativo",caracteristica,IF04,416,
CNA-INST,IF05,Estructura y procesos académicos,factor,,500,
CNA-INST,IC17,Componentes formativos,caracteristica,IF05,517,
CNA-INST,IC18,Componentes pedagógicos y de evaluación,caracteristica,IF05,518,
CNA-INST,IC19,Componente de interacción y relevancia social,caracteristica,IF05,519,
CNA-INST,IC20,"Procesos de creación, modificación y ampliación de programas académicos",caracteristica,IF05,520,
CNA-INST,IF06,"Aportes de la investigación, la innovación, el desarrollo tecnológico y la creación",factor,,600,
CNA-INST,IC21,"Formación para la investigación, creación e innovación",caracteristica,IF06,621,
CNA-INST,IC22,"Investigación, desarrollo tecnológico, innovación y creación",caracteristica,IF06,622,
CNA-INST,IF07,Impacto social,factor,,700,
CNA-INST,IC23,Institución y entorno,caracteristica,IF07,723,
CNA-INST,IC24,Impacto cultural y artístico,caracteristica,IF07,724,
CNA-INST,IF08,Visibilidad nacional e internacional,factor,,800,
CNA-INST,IC25,Inserción de la institución en contextos académicos nacionales e internacionales,caracteristica,IF08,825,
CNA-INST,IC26,Relaciones externas de profesores y estudiantes,caracteristica,IF08,826,
CNA-INST,IF09,Bienestar institucional,factor,,900,
CNA-INST,IC27,Estructura y funcionamiento del bienestar institucional,caracteristica,IF09,927,
CNA-INST,IF10,Comunidad de profesores,factor,,1000,
CNA-INST,IC28,Derechos y deberes de los profesores,caracteristica,IF10,1028,
CNA-INST,IC29,Planta profesoral,caracteristica,IF10,1029,
CNA-INST,IC30,Trayectoria profesoral,caracteristica,IF10,1030,
CNA-INST,IC31,Desarrollo profesoral,caracteristica,IF10,1031,
CNA-INST,IC32,Interacción académica de los profesores,caracteristica,IF10,1032,
CNA-INST,IF11,Comunidad de estudiantes,factor,,1100,
CNA-INST,IC33,Derechos y deberes de los estudiantes,caracteristica,IF11,1133,
CNA-INST,IC34,Admisión y permanencia de estudiantes,caracteristica,IF11,1134,
CNA-INST,IC35,Estímulos y apoyos para estudiantes,caracteristica,IF11,1135,
CNA-INST,IF12,Comunidad de egresados,factor,,1200,
CNA-INST,IC36,Seguimiento a egresados,caracteristica,IF12,1236,
CNA-INST,IC37,Egresados y programas académicos,caracteristica,IF12,1237,
CNA-INST,IC38,Relación de los egresados con la institución,caracteristica,IF12,1238,
