pad,curso,nota
CAD2302024102,,otro programa: ESPECIALIZACIÓN EN AGRONEGOCIOS SOSTENIBLES
CAD2302024101,,otro programa: ESPECIALIZACIÓN EN AGRONEGOCIOS SOSTENIBLES
CAD2312024101,,otro programa: ESPECIALIZACION EN AGROECOLOGIA Y DESARROLLO AGROECOTURISTICO
CAD2312024103,,otro programa: ESPECIALIZACION EN AGROECOLOGIA Y DESARROLLO AGROECOTURISTICO
CAD2302024206,,otro programa: ESPECIALIZACIÓN EN AGRONEGOCIOS SOSTENIBLES
CAD2312024102,,otro programa: ESPECIALIZACION EN AGROECOLOGIA Y DESARROLLO AGROECOTURISTICO
CAD2302024204,,otro programa: ESPECIALIZACIÓN EN AGRONEGOCIOS SOSTENIBLES
CAD2312024204,,otro programa: ESPECIALIZACION EN AGROECOLOGIA Y DESARROLLO AGROECOTURISTICO
CAD2302024207,,otro programa: ESPECIALIZACIÓN EN AGRONEGOCIOS SOSTENIBLES
CAD602020101,Introducción a las ciencias agrarias,
CAD602020102,Topografía,
CAD602020103,Geología y pedología,
CAD602020104,Química,
CAD602020105,Física,
CAD602020106,Agroclimatología,
CAD602020107,Ecología y recursos naturales,
CAD602020208,Suelos,
CAD602020209,Bioquímica,
CAD602020310,Manejo de la fertilidad agrícola,
CAD602020311,Sociología y desarrollo rural,
CAD602020312,Morfología y taxonomía vegetal,
CAD602020413,Biología celular y molecular,
CAD602020414,Manejo de arvenses,
CAD602020415,Fisiología vegetal,
CAD602020416,Propagación vegetal,
CAD602020417,Economía y administración agrícola,
CAD602020518,Entomología agrícola,
CAD602020519,Genética,
CAD602020520,Fisiología de cultivos y semillas,
CAD602020521-EN,Microbiología agrícola,versión en inglés del PAD
CAD602020521,Microbiología agrícola,
CAD602020522,Maquinaria y mecanización agrícola,
CAD602020623,Agroecología,
CAD602020624,Fitomejoramiento,
CAD602020625,Mercadeo agrícola,
CAD602020626,Fitopatología,
CAD602020727,MIPE,
CAD602020728FA-A,Electiva I,opción de electiva I: CULTIVO DE TEJIDOS
CAD602020728FA-B,Electiva I,opción de electiva I: ELECTIVA I -AGRICULTURA DE PRECISIÓN
CAD602020730,Formulación y evaluación de proyectos,
CAD602020831,Producción de cultivos,
CAD602020832,Poscosecha,
CAD602020834,Extensión rural,
CAD602020835,Electiva II,opción de electiva II: ELECTIVA - FLORES DE EXPORTACIÓN
CAD602020835-A,Electiva II,opción de electiva II: ELECTIVA II - VIVERISMO Y PAISAJISMO
CAD602020835-B,Electiva II,opción de electiva II: ELECTIVA II - PRODUCCION DE FLORES
CAD602020937,Opción de grado,
CAD602020729,Profundización I,
PROFUNDIZACION-II-EMPREND-DES-RUR-Y-TERRITOR,Profundización II,
PROFUNDIZACION-III-EMPREND-Y-DESARROLL-RUR-Y-TERR,Profundización III,
CAD602020207,"Hidráulica, riegos y drenajes",
CFC1002020201,Matemática aplicada,curso de formación común con Zootecnia; se adapta al contexto agropecuario
CFC1002020302,Modelos estadísticos aplicados,curso de formación común con Zootecnia; existe una versión adaptada al contexto agrícola que aún no se tiene (este PDF usa ejemplos pecuarios)
CATEDRA-GENERACION-SIGLO-21-1,Cátedra Generación Siglo 21,CAI institucional; el PAD lo ubica en el sexto semestre y la ruta v4 en el séptimo
1-DISENO-INVESTIGATIVO-CIENCIA-TECNOLOGIA-E-INNOVACION-CTEI-1-V1-9,"Ciencia, tecnología e innovación I","CAI institucional (CTeI 1, diseño investigativo)"
2-DESARROLLO-INVESTIGATIVO-CIENCIA-TECNOLOGIA-E-INOVACION-CTEI-2-V1-9,"Ciencia, tecnología e innovación II","CAI institucional (CTeI 2, desarrollo investigativo)"
3-PRODUCTO-INVESTIGATIVO-CIENCIA-TECNOLOGIA-E-INNOVACION-CTEI-3-V1-9,"Ciencia, tecnología e innovación III","CAI institucional (CTeI 3, producto investigativo)"
CAI1002020201,Razonamiento lógico y cuantitativo,CAI institucional
CAI1002020202,Comunicación y lectura crítica I,CAI institucional: Estructuración de procesos comunicativos (momento 3)
CAI1002020305,Comunicación y lectura crítica II,CAI institucional: Producción de textos académicos y profesionales (momento 4)
MOMENTO-3,Lengua extranjera I,CAI institucional en inglés: Foreign Language 1 (el archivo se llama «Momento 3»)
MEOMENTO-4,Lengua extranjera III,CAI institucional en inglés: Foreign Language 3 (el archivo se llama «Momento 4»)
MOMENTO-5,Lengua extranjera IV,CAI institucional en inglés: Foreign Language 4 (el archivo se llama «Momento 5»)
NIVELATORIO-CON-FASES-MCA,,Diagnóstico y nivelatorio (0 créditos) de Comunicación y lectura crítica
NIVELATORIO-V-27-08-2026-OK,,Diagnóstico y nivelatorio (0 créditos) de Ciudadanía siglo 21
CAI1002020613,,"Diagnóstico y nivelatorio (0 créditos) de Ciencia, tecnología e innovación"
VFINAL-M2-NIVELATORIO-CAI-EMPRENDIMIENTO-E-INNOVACION,,Diagnóstico y nivelatorio (0 créditos) de Emprendimiento e innovación
CAI1002020304,,Diagnóstico y nivelatorio (0 créditos) de Lengua extranjera
NIVELATORIO-CAI-RLC,,Diagnóstico y nivelatorio (0 créditos) de Razonamiento lógico y cuantitativo
