curso,requisito
Suelos,Geología y pedología
Bioquímica,Química
Razonamiento lógico y cuantitativo,Diagnóstico y nivelatorio razonamiento lógico y cuantitativo
Comunicación y lectura crítica I,Diagnóstico y nivelatorio comunicación y lectura crítica
Modelos estadísticos aplicados,Matemática aplicada
Manejo de la fertilidad agrícola,Suelos
Lengua extranjera I,Diagnóstico y nivelatorio lengua extranjera
Comunicación y lectura crítica II,Comunicación y lectura crítica I
Economía y administración agrícola,Sociología y desarrollo rural
Manejo de arvenses,Morfología y taxonomía vegetal
Fisiología vegetal,Bioquímica
Propagación vegetal,Morfología y taxonomía vegetal
Lengua extranjera II,Lengua extranjera I
Ciudadanía siglo 21,Diagnóstico y nivelatorio ciudadanía siglo 21
Genética,Biología celular y molecular
Fisiología de cultivos y semillas,Fisiología vegetal
Lengua extranjera III,Lengua extranjera II
Mercadeo agrícola,Economía y administración agrícola
Fitomejoramiento,Genética
Fitopatología,Microbiología agrícola
Lengua extranjera IV,Lengua extranjera III
"Ciencia, tecnología e innovación I","Diagnóstico y nivelatorio ciencia, tecnología e innovación"
Emprendimiento e innovación I,Diagnóstico y nivelatorio emprendimiento e innovación
Formulación y evaluación de proyectos,Mercadeo agrícola
MIPE,Entomología agrícola
MIPE,Fitopatología
"Ciencia, tecnología e innovación II","Ciencia, tecnología e innovación I"
Emprendimiento e innovación II,Emprendimiento e innovación I
Extensión rural,Formulación y evaluación de proyectos
Profundización II,Profundización I
Producción de cultivos,MIPE
Producción de cultivos,Fisiología de cultivos y semillas
"Ciencia, tecnología e innovación III","Ciencia, tecnología e innovación II"
Profundización III,Profundización II
